이력ID,노선ID,정류소ID,노선명,정류소명
1000001161,207000055,235000099,30-1(지게동),주공아파트
1000001161,207000055,235000089,30-1(지게동),덕정고등학교
1000001161,207000055,235000098,30-1(지게동),조은마을(주공6단지)
1000001161,207000055,235000097,30-1(지게동),서재말
1000001161,207000055,235000601,30-1(지게동),회암2동.회암편의점
1000001161,207000055,235000521,30-1(지게동),율정삼거리
1000001161,207000055,235000087,30-1(지게동),천보초등학교앞
1000001161,207000055,235000086,30-1(지게동),모정동
1000001161,207000055,235000085,30-1(지게동),귀율동
1000001161,207000055,235000084,30-1(지게동),기우리다리앞
1000001161,207000055,235000083,30-1(지게동),새마을목장
1000001161,207000055,235000082,30-1(지게동),65사단앞
1000001161,207000055,235000382,30-1(지게동),풀무원입구
1000001161,207000055,235000400,30-1(지게동),윗삼가대
1000001161,207000055,235000399,30-1(지게동),삼숭2통마을회관
1000001161,207000055,235000398,30-1(지게동),삼숭2통.아랫삼가대
1000001161,207000055,235000397,30-1(지게동),양주2동사무소
1000001161,207000055,235000396,30-1(지게동),나래아파트앞
1000001161,207000055,235000395,30-1(지게동),TS3차푸른솔아파트
1000001161,207000055,235000516,30-1(지게동),장거리삼거리
1000001161,207000055,235000686,30-1(지게동),은행나무앞
1000001161,207000055,235000896,30-1(지게동),우리상회
1000001161,207000055,235000690,30-1(지게동),상동슈퍼
1000001161,207000055,235000895,30-1(지게동),명진빌라
1000001161,207000055,235000385,30-1(지게동),축산위생연구소
1000001161,207000055,235000519,30-1(지게동),현진에버빌아파트
1000001161,207000055,235000917,30-1(지게동),덕계7동(도둔리)
1000001161,207000055,235000384,30-1(지게동),푸르지오아파트
1000001161,207000055,235000919,30-1(지게동),덕계동아카데미과학
1000001161,207000055,235000438,30-1(지게동),샘내고개
1000001161,207000055,235000437,30-1(지게동),샘내
1000001161,207000055,235000067,30-1(지게동),주공5단지
1000001161,207000055,235000066,30-1(지게동),회천3동사무소
1000001161,207000055,235000436,30-1(지게동),수색대앞
1000001161,207000055,235000243,30-1(지게동),양주시청
1000001161,207000055,235000242,30-1(지게동),주내역
1000001161,207000055,235000241,30-1(지게동),양주1동사무소
1000001161,207000055,207000025,30-1(지게동),비석거리
1000001161,207000055,207000304,30-1(지게동),녹양역
1000001161,207000055,207000024,30-1(지게동),녹양교앞
1000001161,207000055,207000023,30-1(지게동),대원여객
1000001161,207000055,207000022,30-1(지게동),주택앞
1000001161,207000055,207000021,30-1(지게동),가능역
1000001161,207000055,207000034,30-1(지게동),보훈지청앞
1000001161,207000055,207000090,30-1(지게동),포천로타리
1000001161,207000055,207000267,30-1(지게동),중앙로
1000001161,207000055,207000266,30-1(지게동),의정부역(동부광장)
1000001161,207000055,207000153,30-1(지게동),의정부역
1000001161,207000055,207000152,30-1(지게동),중앙초교앞
1000001161,207000055,207000029,30-1(지게동),가능역
1000001161,207000055,207000028,30-1(지게동),주택앞
1000002277,204000030,206000013,220-1,LG체육관앞
1000002277,204000030,206000012,220-1,청계휴게소앞
1000002277,204000030,206000011,220-1,한국학중앙연구원
1000002277,204000030,206000009,220-1,연구원사택
1000002277,204000030,206000008,220-1,청계산휴게소.LG체육관앞
1000002277,204000030,206000481,220-1,운중동사무소앞
1000002277,204000030,206000483,220-1,하산운동앞
1000002277,204000030,206000484,220-1,아랫말
1000002277,204000030,206000489,220-1,광암마을정문
1000002277,204000030,206000487,220-1,낙생고교앞
1000002277,204000030,206000362,220-1,남서울골프장
1000002277,204000030,206000236,220-1,수내역.정자사거리(종점)
1000002277,204000030,206000257,220-1,로얄팰리스.느티마을
1000002277,204000030,206000019,220-1,남서울골프장
1000002277,204000030,206000488,220-1,판교동사무소앞.낙생고교
1000002277,204000030,206000486,220-1,광암마을정문
1000002277,204000030,206000485,220-1,광암마을후문
1000002277,204000030,206000482,220-1,국민주택앞
1000002277,204000030,206000013,220-1,LG체육관앞
1000002277,204000030,206000012,220-1,청계휴게소앞
1000002277,204000030,206000011,220-1,한국학중앙연구원
1000002277,204000030,206000009,220-1,연구원사택
1000002277,204000030,206000008,220-1,청계산휴게소.LG체육관
1000002277,204000030,206000490,220-1,국가정보대학원.석운동
1000001401,204000026,205000083,52,사기막골.차고지
1000001401,204000026,205000033,52,영원무역앞
1000001401,204000026,205000093,52,SK테크노파크
1000001401,204000026,205000092,52,삼성테크원
1000001401,204000026,205000201,52,국제상사
1000001401,204000026,205000199,52,삼영전자
1000001401,204000026,205000200,52,샤니후문
1000001401,204000026,205000129,52,상대원1동사무소
1000001401,204000026,205000128,52,대원터널앞사거리
1000001401,204000026,205000155,52,성남냉동.자이아파트
1000001401,204000026,205000154,52,대하초등학교.하대원아튼빌정문
1000001401,204000026,205000153,52,아튼빌후문앞
1000001401,204000026,205000152,52,하대원동사무소.영성중학교
1000001401,204000026,205000151,52,성남동현대아파트
1000001401,204000026,205000150,52,중원구청앞
1000001401,204000026,205000149,52,모란동성당.성남동성당
1000001401,204000026,205000021,52,모란역.모란시장앞
1000001401,204000026,205000086,52,풍생고앞
1000001401,204000026,205000023,52,종합운동장입구.공설운동장
1000001401,204000026,205000002,52,성호시장.수진역
1000001401,204000026,205000001,52,종합시장
1000001401,204000026,205000022,52,우체국앞
1000001401,204000026,205000025,52,구종점.세이브존
1000001401,204000026,204000065,52,미도아파트.성남세무서
1000001401,204000026,204000124,52,수정보건소
1000001401,204000026,204000123,52,산성동사무소
1000001401,204000026,204000084,52,산성역.신흥주공후문
1000001401,204000026,204000070,52,성남기능대학.영성중학교
1000001401,204000026,204000194,52,웃논골앞
1000001401,204000026,205000208,52,남문매표소앞
1000001401,204000026,227000193,52,남문매표소앞
1000001401,204000026,204000193,52,웃논골
1000001401,204000026,204000178,52,웃논골앞
1000001401,204000026,204000080,52,성남기능대학
1000001401,204000026,204000101,52,신흥주공아파트후문
1000002290,234000033,221000155,11-1,담터입구
1000002059,215000007,215000123,51-2,국민마트앞
1000002059,215000007,215000122,51-2,생연주공아파트
1000002059,215000007,215000157,51-2,상우아파트
1000002059,215000007,215000121,51-2,동우빌라
1000002059,215000007,215000158,51-2,만복사주유소
1000002059,215000007,215000120,51-2,동두천예식장
1000002059,215000007,215000119,51-2,외인주택
1000002059,215000007,215000118,51-2,광암동파출소
1000002059,215000007,215000117,51-2,광암동다리
1000002059,215000007,215000236,51-2,다목적회관
1000002059,215000007,215000116,51-2,조산마을입구
1000002059,215000007,215000115,51-2,섬마을
1000002059,215000007,215000114,51-2,삼익빌라
1000002059,215000007,215000113,51-2,탑동초교
1000002059,215000007,215000239,51-2,길손식당앞
1000002059,215000007,215000241,51-2,옥금사앞
1000002059,215000007,215000180,51-2,동점
1000002059,215000007,215000182,51-2,샘터농원
1000002059,215000007,215000233,51-2,왕방약수터
1000002059,215000007,215000235,51-2,경기도립노인전문병원
1000002059,215000007,215000234,51-2,왕방약수터
1000002059,215000007,215000181,51-2,샘터농원
1000002059,215000007,215000179,51-2,동점마을
1000002059,215000007,215000024,51-2,구)버스터미널앞
1000002059,215000007,215000023,51-2,공성시장앞
1000002059,215000007,215000240,51-2,옥금사
1000002059,215000007,215000238,51-2,길손식당
1000002059,215000007,215000187,51-2,탑동초등학교
1000002059,215000007,215000112,51-2,삼익빌라
1000002059,215000007,215000111,51-2,섬마을
1000002059,215000007,215000110,51-2,조산마을입구
1000002059,215000007,215000237,51-2,다목적회관
1000002059,215000007,215000109,51-2,광암동
1000002059,215000007,215000108,51-2,광암동
1000002059,215000007,215000107,51-2,외인주택앞
1000002059,215000007,215000106,51-2,동두천예식장
1000002059,215000007,215000105,51-2,만복사주유소
1000002059,215000007,215000104,51-2,상우아파트
1000002059,215000007,215000103,51-2,생연주공아파트
1000002059,215000007,215000102,51-2,에이스입구
1000002059,215000007,215000088,51-2,생골사거리
1000002059,215000007,215000087,51-2,동두천중앙역
1000002059,215000007,215000004,51-2,공설시장앞
1000002059,215000007,215000003,51-2,구)버스터미널앞
1000002290,234000033,221000078,11-1,동양아파트
1000002290,234000033,221000102,11-1,원앙아파트
1000002290,234000033,221000057,11-1,대림한숲아파트
1000002290,234000033,221000101,11-1,수택3동사무소
1000002290,234000033,221000100,11-1,럭키아파트
1000002290,234000033,221000099,11-1,밀알교회
1000002290,234000033,221000098,11-1,수평사거리
1000002290,234000033,221000073,11-1,구리여중고교앞
1000002290,234000033,221000072,11-1,검배사거리
1000002290,234000033,221000071,11-1,(구)보건소
1000002290,234000033,221000070,11-1,우리병원
1000002290,234000033,221000069,11-1,교문정형외과
1000002290,234000033,221000189,11-1,구리시장
1000002290,234000033,221000187,11-1,새마을금고
1000002290,234000033,221000185,11-1,세무서사거리
1000002290,234000033,221000224,11-1,한국전력
1000001384,229000025,219000260,3,설문교
1000001384,229000025,229000484,3,대원리
1000001384,229000025,229000483,3,한라비발디
1000001384,229000025,229000482,3,봉일천
1000001384,229000025,229000492,3,봉일천시내
1000001384,229000025,229000491,3,조리읍사무소
1000001384,229000025,229000496,3,조리읍사무소
1000001384,229000025,229000495,3,파주축협
1000001384,229000025,229000490,3,봉일천
1000001384,229000025,229000489,3,한라비발디
1000001384,229000025,229000488,3,대원2리
1000001384,229000025,219000259,3,설문교
1000001384,229000025,219000479,3,응곡마을회관
1000001384,229000025,219000566,3,박애원입구
1000001384,229000025,219000485,3,구양계장
1000002018,217000001,217000009,1,대쟁이
1000001289,234000344,228001181,530,종점
1000001289,234000344,228001000,530,성현마을2단지
1000002017,217000006,224000135,61,연꽃마을금호A
1000002017,217000006,224000398,61,금호타운
1000002017,217000006,224000289,61,시흥고교.연꽃마을금오A
1000001289,234000344,228001738,530,대림아파트후문
1000001289,234000344,228000997,530,내대지마을15단지
1000001289,234000344,228001077,530,내대지마을7단지
1000001289,234000344,228001061,530,한국사회정보진흥원
1000001289,234000344,228001060,530,내대지마을2단지
1000001289,234000344,228001059,530,도담마을아이파크
1000001289,234000344,228001058,530,롯대아파트.대일초등학교
1000001289,234000344,228001057,530,금강프라자
1000001289,234000344,228001056,530,한신아파트.길훈아파트
1000001289,234000344,228001086,530,동성2차아파트앞
1000001289,234000344,228001085,530,동성1차아파트
1000001289,234000344,228001084,530,대현초등학교
1000001289,234000344,206000251,530,농수산물센터.하나로마트
1000001289,234000344,206000040,530,오리역
1000001289,234000344,206000219,530,하얀마을
1000001289,234000344,206000088,530,까치마을
1000001289,234000344,206000087,530,미금역.2001아울렛
1000001289,234000344,206000479,530,청솔마을
1000001289,234000344,206000086,530,분당정보고등학교
1000001289,234000344,206000085,530,임광아파트.쉐르빌아파트.상록마을
1000001289,234000344,206000199,530,아데나펠리스
1000001289,234000344,206000198,530,정자역
1000001289,234000344,206000197,530,두산위브제니스
1000001289,234000344,206000253,530,느티마을.경남빌라
1000001289,234000344,206000278,530,롯데백화저.수내역
1000001289,234000344,206000300,530,분당구청.중앙공원
1000001289,234000344,206000299,530,서현역.삼성프라자
1000001471,222000014,110000049,7-3,태능
1000001471,222000014,110000047,7-3,태능국제사격장
1000001471,222000014,110000045,7-3,서울여대앞
1000001471,222000014,110000043,7-3,육사입구
1000001471,222000014,110000041,7-3,공릉동입구
1000001471,222000014,110000039,7-3,화랑대옆
1000001471,222000014,110000013,7-3,태능입구
1000001471,222000014,110000016,7-3,북부지원입구
1000001124,229000034,229000886,700,청석주유소
1000001124,229000034,229000885,700,다율리
1000001124,229000034,229000852,700,난방공사
1000001124,229000034,229000851,700,청석마을.청석초등학교
1000001124,229000034,229000850,700,청석마을
1000001474,234000015,204000040,1007,신촌동사무소
1000001474,234000015,204000039,1007,효성중고교앞
1000001474,234000015,204000057,1007,공군A
1000001474,234000015,204000038,1007,등자리입구
1000001474,234000015,204000062,1007,고등동앞
1000001474,234000015,204000037,1007,고등동사무소앞
1000001474,234000015,204000061,1007,시흥사거리
1000001474,234000015,204000060,1007,한국도로공사
1000001474,234000015,206000133,1007,한성.독점마을
1000001474,234000015,206000132,1007,삼평동
1000001474,234000015,203000165,1007,경기대후문
1000001474,234000015,203000001,1007,경기지방경찰청.봉령사입구.우만4단지
1000001474,234000015,200000197,1007,월드컵경기장입구.우만주공3.4단지.
1000001474,234000015,200000084,1007,연무중학교후문
1000001474,234000015,202000060,1007,창룡문.활터.연무대
1000001474,234000015,202000059,1007,매향동
1000001474,234000015,200000226,1007,종로사거리.후생병원
1000001474,234000015,200000183,1007,장안문.장안공원북문
1000001474,234000015,200000202,1007,한국은행
1000001474,234000015,200000228,1007,영복여고.장안공원.화서문
1000001474,234000015,200000237,1007,화서문파출소
1000001474,234000015,200000225,1007,병무청입구
1000001474,234000015,201000301,1007,수원여고
1000001474,234000015,201000285,1007,고등동사무소
1000001474,234000015,201000297,1007,귀족웨딩홀.구시외버스터미널
1000001474,234000015,201000272,1007,수원역북측광장
1000001474,234000015,201000020,1007,평동입구.공구유통타운.자동차매매단지
1000001474,234000015,201000019,1007,고색파출소.신병원
1000001474,234000015,201000018,1007,고색초교.태산A
1000001474,234000015,201000326,1007,오현초등학교
1000001474,234000015,201000121,1007,청구1차A
1000001161,207000055,207000027,30-1(지게동),진웨딩홀부페앞
1000001161,207000055,207000026,30-1(지게동),녹양역
1000001161,207000055,235000246,30-1(지게동),남방4거리
1000001161,207000055,235000245,30-1(지게동),양주1동사무소
1000001161,207000055,235000244,30-1(지게동),양주시청
1000001161,207000055,235000445,30-1(지게동),수색대앞
1000001161,207000055,235000444,30-1(지게동),샘내
1000001474,234000015,204000041,1007,신촌동앞
1000002277,204000030,206000480,220-1,국가정보대학원.석운동
1000001384,229000025,229001127,3,마을입구
1000001384,229000025,229000486,3,상지석1리
1000001384,229000025,229001296,3,축협
1000001384,229000025,229001130,3,운정역입구
1000001384,229000025,229000962,3,할인마트
1000001384,229000025,229000961,3,편의점
1000001384,229000025,229000960,3,상지석4리
1000001384,229000025,219000487,3,하감천마을
1000001384,229000025,219000257,3,청석궁마을
1000001384,229000025,219000338,3,상감천마을.윗감내
1000001384,229000025,219000337,3,부대앞.고양실업고등학교
1000001384,229000025,219000336,3,고봉초등학교
1000001384,229000025,219000335,3,중산사거리.코오롱아파트
1000001384,229000025,219000146,3,중산마을
1000001384,229000025,219000489,3,현산중학교
1000001384,229000025,219000490,3,일산약국
1000001384,229000025,219000404,3,명성터미널
1000001384,229000025,219000403,3,씨티프라자
1000001384,229000025,219000402,3,일신건영휴먼빌앞.일산중고교
1000001384,229000025,219000401,3,신원아파트앞.일신의원
1000001336,207000054,207000024,30-1(현대),녹양교앞
1000001336,207000054,207000023,30-1(현대),대원여객
1000001336,207000054,207000022,30-1(현대),주택앞
1000001336,207000054,207000021,30-1(현대),가능역
1000001336,207000054,207000034,30-1(현대),보훈지청앞
1000001336,207000054,207000090,30-1(현대),포천로타리
1000001336,207000054,207000267,30-1(현대),중앙로
1000001336,207000054,207000266,30-1(현대),의정부역(동부광장)
1000001336,207000054,207000153,30-1(현대),의정부역
1000001336,207000054,207000152,30-1(현대),중앙초교앞
1000001336,207000054,207000029,30-1(현대),가능역
1000001336,207000054,207000028,30-1(현대),주택앞
1000001336,207000054,207000027,30-1(현대),진웨딩홀부페앞
1000001336,207000054,207000026,30-1(현대),녹양역
1000001336,207000054,235000246,30-1(현대),남방4거리
1000001336,207000054,235000245,30-1(현대),양주1동사무소
1000001336,207000054,235000244,30-1(현대),양주시청
1000001336,207000054,235000445,30-1(현대),수색대앞
1000001336,207000054,235000444,30-1(현대),샘내
1000001336,207000054,235000443,30-1(현대),샘내고개
1000001336,207000054,235000920,30-1(현대),아카데미과학
1000001336,207000054,235000526,30-1(현대),푸르지오아파트
1000001336,207000054,235000918,30-1(현대),덕계7동(도둔리)
1000001336,207000054,235000520,30-1(현대),현진에버빌아파트
1000001336,207000054,235000893,30-1(현대),축산위생연구소
1000001336,207000054,235000389,30-1(현대),명진빌라입구
1000001336,207000054,235000387,30-1(현대),현대아파트
1000001336,207000054,235000922,30-1(현대),장거리삼거리
1000001336,207000054,235000406,30-1(현대),TS3차푸른솔아파트
1000001336,207000054,235000405,30-1(현대),성우아파트
1000001336,207000054,235000404,30-1(현대),양주2동사무소
1000001336,207000054,235000403,30-1(현대),삼숭2통
1000001336,207000054,235000402,30-1(현대),삼숭2통마을회관
1000001336,207000054,235000401,30-1(현대),윗삼가대
1000001336,207000054,235000381,30-1(현대),풀무원입구
1000001336,207000054,235000862,30-1(현대),65사단앞
1000002018,217000001,217000188,1,경원여객종점
1000002018,217000001,217000187,1,대화페인트앞
1000002018,217000001,217000186,1,인텍전자.대한전선사거리
1000002018,217000001,217000185,1,비츠로테크
1000002018,217000001,217000184,1,한국보훈공단
1000002018,217000001,217000183,1,중소기업은행
1000002018,217000001,217000182,1,삼양프라스틱
1000002018,217000001,217000555,1,부광약품
1000002018,217000001,217000180,1,율촌화학
1000002018,217000001,217000179,1,두레에어메탈
1000002018,217000001,217000178,1,대성산소사거리.터미널.영풍
1000002018,217000001,217000177,1,삼일제약
1000002018,217000001,217000176,1,나영단지
1000002018,217000001,217000175,1,유통상가
1000002018,217000001,217000174,1,안산역
1000002018,217000001,217000219,1,안산역
1000002018,217000001,217000218,1,원곡역.주유소
1000002018,217000001,217000173,1,삼익A입구
1000002018,217000001,224000600,1,도일시장
1000002018,217000001,224000544,1,동원A
1000002018,217000001,224000543,1,녹원A
1000002018,217000001,217000172,1,검문소사거리
1000002018,217000001,217000007,1,예비군훈련장
1000002018,217000001,217000006,1,대쟁이
1000002018,217000001,217000001,1,진덕사입구
1000002018,217000001,224000542,1,영각사입구
1000002018,217000001,224000541,1,산뒤마을
1000002018,217000001,224000540,1,새터마을
1000002018,217000001,224000539,1,연성중앙교회
1000002018,217000001,224000538,1,시흥시청삼거리.시청입구
1000002018,217000001,224000537,1,광석동
1000002018,217000001,224000536,1,연성플라.유호A.시흥등기소
1000002018,217000001,224000535,1,참이슬A
1000002018,217000001,224000400,1,법륭사
1000002018,217000001,224000534,1,성원동아A
1000002018,217000001,224000533,1,새터말
1000002018,217000001,224000532,1,포동삼거리.포동입구
1000002018,217000001,224000531,1,미산동입구.한덕판지
1000002018,217000001,224000530,1,양오재
1000002018,217000001,224000529,1,시민교회
1000002018,217000001,224000528,1,신현초교.백제당약국.은행동
1000002018,217000001,224000527,1,검바위
1000002018,217000001,224000526,1,복음자리
1000002018,217000001,224000525,1,신천사거리
1000002018,217000001,224000524,1,삼미시장
1000002018,217000001,224000557,1,신천삼거리
1000002018,217000001,224000556,1,구시청.시흥문화원.시흥보건소
1000001161,207000055,235000443,30-1(지게동),샘내고개
1000001161,207000055,235000920,30-1(지게동),아카데미과학
1000001161,207000055,235000526,30-1(지게동),한승.대우.푸르지오아파트
1000001161,207000055,235000918,30-1(지게동),덕계7동(도둔리)
1000001161,207000055,235000520,30-1(지게동),현진에버빌아파트
1000001161,207000055,235000893,30-1(지게동),축산위생연구소
1000001161,207000055,235000894,30-1(지게동),명진빌라
1000001161,207000055,235000691,30-1(지게동),상동슈퍼
1000001161,207000055,235000689,30-1(지게동),우리상회
1000001161,207000055,235000687,30-1(지게동),은행나무앞
1000001161,207000055,235000922,30-1(지게동),장거리삼거리
1000001161,207000055,235000406,30-1(지게동),TS3차푸른솔아파트
1000001161,207000055,235000405,30-1(지게동),성우아파트
1000001161,207000055,235000404,30-1(지게동),양주2동사무소
1000001161,207000055,235000403,30-1(지게동),삼숭2동.아랫삼가대
1000001161,207000055,235000402,30-1(지게동),삼숭2통마을회관
1000001161,207000055,235000401,30-1(지게동),윗삼가대
1000001161,207000055,235000381,30-1(지게동),풀무원입구
1000001161,207000055,235000862,30-1(지게동),65사단앞
1000001161,207000055,235000081,30-1(지게동),새마을목장
1000001161,207000055,235000080,30-1(지게동),기우리다리앞
1000001161,207000055,235000079,30-1(지게동),귀율동
1000001161,207000055,235000078,30-1(지게동),모정동
1000001161,207000055,235000077,30-1(지게동),천보초등학교
1000001161,207000055,235000094,30-1(지게동),율정동삼거리상회
1000001161,207000055,235000600,30-1(지게동),회암편의점
1000001161,207000055,235000093,30-1(지게동),서재말
1000001161,207000055,235000861,30-1(지게동),주공6단지
1000001161,207000055,235000092,30-1(지게동),덕정고교
1000001161,207000055,235000073,30-1(지게동),주공1단지
1000001161,207000055,235000072,30-1(지게동),주공5단지
1000001161,207000055,235000134,30-1(지게동),썬마트앞
1000001161,207000055,235000133,30-1(지게동),덕정역
1000001161,207000055,235000484,30-1(지게동),덕정삼거리.진흥마트
1000001161,207000055,235000487,30-1(지게동),충성아파트
1000001161,207000055,235000582,30-1(지게동),부대앞
1000001161,207000055,235000891,30-1(지게동),차고지
1000001336,207000054,235000892,30-1(현대),차고지
1000001336,207000054,235000507,30-1(현대),부대앞
1000001336,207000054,235000508,30-1(현대),충성아파트
1000001336,207000054,235000851,30-1(현대),진흥마트
1000001336,207000054,235000117,30-1(현대),덕정역
1000001336,207000054,235000116,30-1(현대),썬마트앞
1000001336,207000054,235000067,30-1(현대),주공5단지
1000001336,207000054,235000066,30-1(현대),회천3동사무소
1000001336,207000054,235000099,30-1(현대),주공아파트
1000001336,207000054,235000089,30-1(현대),덕정고등학교
1000001336,207000054,235000098,30-1(현대),조은마을(주공6단지)
1000001336,207000054,235000097,30-1(현대),서재말
1000001474,234000015,201000120,1007,장애인종합복지회관
1000001474,234000015,201000119,1007,곶집마을차고지
1000001336,207000054,235000384,30-1(현대),푸르지오아파트
1000001336,207000054,235000919,30-1(현대),아카데미과학
1000001336,207000054,235000438,30-1(현대),샘내고개
1000001336,207000054,235000437,30-1(현대),샘내
1000001336,207000054,235000436,30-1(현대),수색대앞
1000001336,207000054,235000243,30-1(현대),양주시청
1000001336,207000054,235000242,30-1(현대),주내역
1000001336,207000054,235000241,30-1(현대),양주1동사무소
1000001336,207000054,207000025,30-1(현대),비석거리
1000001336,207000054,207000304,30-1(현대),녹양역
1000001289,234000344,228001143,530,죽전중.고교
1000001289,234000344,228001141,530,동성아파트.신세계백화점
1000001289,234000344,228001027,530,길훈아파트.한신아파트
1000001289,234000344,228001026,530,대지초등학교.금강플라자
1000001289,234000344,228001025,530,대일초등학교.롯데아파트
1000001289,234000344,228001207,530,도담아이파크
1000001289,234000344,228001024,530,대지산공원
1000001289,234000344,228001014,530,한국사회정보진흥원.새터마을
1000001289,234000344,228001078,530,내대지마을6단지
1000001289,234000344,228001009,530,내대지마을15단지
1000001289,234000344,228000998,530,대림아파트후문
1000001289,234000344,228001007,530,단국대학교.야외음악당
1000001289,234000344,228001413,530,셩현마을2단지
1000001289,234000344,228001602,530,다솔농장
1000001289,234000344,228001182,530,종점
1000001384,229000025,219000411,3,신원센스빌2차아파트
1000001384,229000025,219000410,3,일산중고교.일산건영휴먼빌
1000001384,229000025,219000253,3,일산시장
1000001384,229000025,219000409,3,명성터미널.일산터미널
1000001384,229000025,219000491,3,일산약국
1000001384,229000025,219000488,3,현산중학교
1000001384,229000025,219000179,3,근린공원
1000001384,229000025,219000323,3,중산사거리
1000001384,229000025,219000322,3,고봉초등학교
1000001384,229000025,219000321,3,부대앞
1000001384,229000025,219000320,3,윗감내
1000001384,229000025,219000029,3,청석궁마을
1000001384,229000025,219000486,3,하감천마을
1000001384,229000025,229000959,3,상지석4리
1000001384,229000025,229000958,3,편의점
1000001384,229000025,229000957,3,할인마트
1000001384,229000025,229001131,3,운정역입구
1000001384,229000025,229001297,3,축협
1000001384,229000025,229001132,3,상지석1리
1000001384,229000025,229001128,3,마을입구
1000002290,234000033,221000195,11-1,삼육중고앞
1000002290,234000033,221000019,11-1,교문사거리
1000001289,234000344,228000999,530,야외음악당.단국대
1000002290,234000033,221000122,11-1,담터농협앞
1000002290,234000033,221000156,11-1,협동마을
1000002290,234000033,221000155,11-1,담터입구
1000002290,234000033,221000154,11-1,갈매동사무소
1000002290,234000033,221000153,11-1,갈매초등학교
1000002290,234000033,221000152,11-1,보현사
1000002290,234000033,106000096,11-1,봉화산역
1000002290,234000033,106000097,11-1,화랑대역
1000002290,234000033,221000052,11-1,부대앞
1000002290,234000033,221000151,11-1,건영아파트
1000002290,234000033,221000150,11-1,최촌마을
1000002290,234000033,221000149,11-1,일신아파트
1000002290,234000033,221000148,11-1,인창동사무소
1000002290,234000033,221000147,11-1,교문사거리앞
1000002290,234000033,221000146,11-1,교문사거리.삼육중고교
1000002290,234000033,221000223,11-1,세무서
1000002290,234000033,221000184,11-1,세무서사거리
1000002290,234000033,221000186,11-1,새마을금고
1000002290,234000033,221000090,11-1,구리시장
1000002290,234000033,221000089,11-1,교문정형외과
1000002290,234000033,221000088,11-1,우리병원
1000002290,234000033,221000087,11-1,(구)보건소
1000002290,234000033,221000086,11-1,검배사거리
1000002290,234000033,221000055,11-1,구리여중고앞.학원앞
1000002290,234000033,221000085,11-1,구리여중고교
1000002290,234000033,221000114,11-1,수평사거리
1000002290,234000033,221000113,11-1,밀알교회
1000002290,234000033,221000112,11-1,럭키아파트
1000002290,234000033,221000111,11-1,수택3동사무소.농협
1000002290,234000033,221000110,11-1,하나아파트
1000002290,234000033,221000109,11-1,구리아파트
1000002290,234000033,221000174,11-1,구리.교문아파트
1000002290,234000033,221000080,11-1,금호아파트앞.백문초등학교앞
1000002290,234000033,221000141,11-1,구리경찰서
1000002290,234000033,221000140,11-1,한다리마을
1000002290,234000033,221000139,11-1,아치울마을
1000002290,234000033,221000009,11-1,동사골
1000002290,234000033,221000008,11-1,우미네검문소
1000002290,234000033,124000042,11-1,LG강동자이아파트.둔촌동프라자아파트
1000002290,234000033,221000036,11-1,우미네검문소
1000002290,234000033,221000007,11-1,동사골
1000002290,234000033,221000006,11-1,아치울마을
1000002290,234000033,221000005,11-1,한다리마을
1000002290,234000033,221000079,11-1,군인공제회.금호아파트앞
1000001471,222000014,110000005,7-3,태릉입구역
1000001471,222000014,110000212,7-3,월계3동한진그랑빌
1000001471,222000014,110000184,7-3,6호선석계역
1000001471,222000014,110000649,7-3,1호선석계역
1000001471,222000014,107000056,7-3,석계역굴다리앞
1000001471,222000014,107000057,7-3,석계역(6호선)
1000001471,222000014,110000006,7-3,태능사거리.태릉입구역
1000001471,222000014,110000017,7-3,태릉입구역
1000001471,222000014,110000014,7-3,태릉입구
1000001471,222000014,110000018,7-3,화랑대역
1000001471,222000014,110000040,7-3,공릉동입구
1000001471,222000014,110000042,7-3,육사입구
1000002059,215000007,215000046,51-2,동두천중앙역
1000002059,215000007,215000124,51-2,생연초교
1000002290,234000033,221000018,11-1,인창동사무소
1000002290,234000033,221000017,11-1,배탈고개
1000002290,234000033,221000024,11-1,최촌마을
1000002290,234000033,221000097,11-1,동구동사무소
1000002290,234000033,221000053,11-1,부대앞
1000002290,234000033,106000098,11-1,화랑대역
1000002290,234000033,106000101,11-1,봉화산역
1000002290,234000033,106000100,11-1,신내7단지아파트
1000002290,234000033,106000099,11-1,중랑소방서.신내주공8단지
1000002290,234000033,221000127,11-1,보현사
1000002290,234000033,221000126,11-1,갈매초교입구
1000002290,234000033,221000125,11-1,갈매동사무소
1000002290,234000033,221000124,11-1,담터입구
1000002290,234000033,221000120,11-1,담터농협앞
1000002290,234000033,221000123,11-1,협동마을
1000001063,234000007,204000143,5,사송동종점
1000001063,234000007,206000355,5,대우자동차
1000001063,234000007,206000357,5,제2종합운동장.여권민원실
1000001063,234000007,206000252,5,분당경찰서.차병원
1000001063,234000007,206000158,5,야탑역.고속버스터미널.뉴코아
1000001063,234000007,206000148,5,장미마을.현대A
1000001063,234000007,206000147,5,장미마을
1000001063,234000007,206000113,5,매화마을사거리.장미마을7단지
1000001063,234000007,206000112,5,장미마을8단지.매화마을주공1단지
1000001063,234000007,206000478,5,매화마을3단지
1000001063,234000007,206000264,5,주공3단지.매화마을
1000001063,234000007,205000097,5,분재단지.도촌동사거리.동원로얄A
1000001063,234000007,205000096,5,도촌동기도원입구
1000001401,204000026,204000127,52,산성동사무소
1000001401,204000026,204000126,52,수정보건소
1000001401,204000026,204000125,52,미도아파트앞
1000001401,204000026,204000006,52,구종점.세이브존
1000001401,204000026,204000005,52,우체국앞
1000001401,204000026,204000008,52,종합시장앞
1000001401,204000026,204000007,52,수진역
1000001401,204000026,204000056,52,MD아파트
1000001401,204000026,204000146,52,수성교
1000001401,204000026,204000139,52,풍생고앞
1000001401,204000026,205000020,52,모란역(모란시장)앞.터미널앞
1000001401,204000026,205000018,52,모란성당앞
1000001401,204000026,205000070,52,주원파크빌앞.중원구청사거리
1000001401,204000026,205000017,52,제일아파트
1000001401,204000026,205000016,52,영성중학교
1000001401,204000026,205000015,52,아튼빌아파트후문
1000001401,204000026,205000014,52,아튼빌아파트
1000001401,204000026,205000013,52,성남냉동앞
1000001401,204000026,205000065,52,대원사거리
1000001401,204000026,205000064,52,상대원1동사무소
1000001401,204000026,205000204,52,샤니후문
1000001401,204000026,205000203,52,성남전자
1000001401,204000026,205000202,52,국제상사
1000001401,204000026,205000095,52,공단파출소.삼성테크원
1000001401,204000026,205000094,52,SK테크노파크
1000001401,204000026,205000186,52,사기막골.차고지
1000001161,207000055,235000892,30-1(지게동),차고지
1000001161,207000055,235000507,30-1(지게동),부대앞
1000001161,207000055,235000508,30-1(지게동),충성아파트
1000001161,207000055,235000851,30-1(지게동),덕정삼거리.진흥마트
1000001161,207000055,235000117,30-1(지게동),덕정역
1000001161,207000055,235000116,30-1(지게동),한국아파트입구.썬마트
1000000000,231000099,231000037,50-9,금석
1000000000,231000099,231000036,50-9,반석주유소
1000000000,231000099,231000035,50-9,주은청설아파트
1000000000,231000099,231000034,50-9,금산주공아파트
1000000000,231000099,231000261,50-9,대천동
1000001453,234000315,228001207,9001,산내들현대A
1000001453,234000315,228001024,9001,세터마을5단지.대지산공원
1000001453,234000315,228001739,9001,한국정보산업사회진흥원
1000001453,234000315,228001023,9001,동부A
1000001453,234000315,228001022,9001,광명샤인빌
1000001453,234000315,228001602,9001,종점
1000001416,222000055,222000841,66,도농차고지
1000001812,232000001,219000451,88(일산),고양종합운동장
1000001812,232000001,219000024,88(일산),농수산물센터
1000001812,232000001,219000118,88(일산),장성중학교
1000001812,232000001,219000023,88(일산),대진고등학교
1000001812,232000001,219000022,88(일산),성저공원
1000001812,232000001,219000021,88(일산),성저13단지
1000001812,232000001,219000020,88(일산),동성.동신아파트
1000001812,232000001,219000114,88(일산),후곡마을.롯데아파트
1000001812,232000001,219000113,88(일산),일산3동주민센터앞
1000001812,232000001,219000112,88(일산),밤가시마을
1000001812,232000001,219000449,88(일산),정발산동사무소
1000001812,232000001,219000111,88(일산),초가집
1000001812,232000001,219000110,88(일산),국립암센터
1000001812,232000001,219000355,88(일산),정발고등학교
1000001812,232000001,219000019,88(일산),삼성.벽산아파트
1000001812,232000001,219000168,88(일산),마두1동주민센터
1000001812,232000001,219000018,88(일산),마두1동사무소.신한은행
1000001812,232000001,219000041,88(일산),백송.대림아파트
1000001812,232000001,219000017,88(일산),백석1동사무소
1000001812,232000001,219000040,88(일산),건영10단지
1000001812,232000001,219000016,88(일산),일산병원
1000001812,232000001,219000329,88(일산),백석전철역
1000001812,232000001,219000015,88(일산),백석역
1000001812,232000001,219000161,88(일산),흰돌5단지
1000001812,232000001,219000160,88(일산),백석중학교
1000001812,232000001,219000014,88(일산),백신고교
1000001812,232000001,219000013,88(일산),호수13블록
1000001471,222000014,222000679,7-3,장현주공아파트
1000001471,222000014,222000681,7-3,봉현마을.현대병원
1000001471,222000014,222000534,7-3,장현초등학교
1000001471,222000014,222000638,7-3,진접농협
1000001471,222000014,222000533,7-3,진접문화의집
1000001471,222000014,222000532,7-3,청화빌라
1000001471,222000014,222000531,7-3,금곡리입구.신동아아파트
1000001471,222000014,222000561,7-3,정광아파트
1000001471,222000014,222000560,7-3,장승초등학교
1000001471,222000014,222000559,7-3,장승마을
1000001471,222000014,222000639,7-3,신광마을입구
1000001471,222000014,222000138,7-3,신한미아파트
1000001471,222000014,222000137,7-3,광천마을
1000001471,222000014,222001065,7-3,마명리입구
1000001471,222000014,222000136,7-3,신촌
1000001471,222000014,222000630,7-3,광능내종점
1000001472,222000015,222000629,73,광릉내
1000001472,222000015,222000135,73,신촌
1000001472,222000015,222001064,73,마명리입구
1000001472,222000015,222000134,73,광천마을
1000001472,222000015,222000133,73,신한미아파트
1000001472,222000015,222000132,73,신광마을
1000001472,222000015,222000554,73,진접중학교
1000001472,222000015,222000553,73,장승마을
1000001416,222000055,222000843,66,미금중학교
1000001734,223000052,223000272,71,대우아파트
1000001734,223000052,223000273,71,대우아파트114동
1000001734,223000052,223000274,71,매홀새싹길
1000001734,223000052,223000276,71,대우아파트111동
1000001734,223000052,223000275,71,대우아파트104동
1000001734,223000052,223000277,71,오산대역
1000001734,223000052,223000272,71,대우아파트102동
1000002577,210000042,212000249,59,원종고등학교
1000002577,210000042,212000250,59,원종주공아파트
1000002577,210000042,212000251,59,삼경아파트
1000002577,210000042,212000144,59,오건아파트
1000002577,210000042,212000081,59,욱일아파트
1000002577,210000042,212000080,59,성진맨션
1000002577,210000042,212000079,59,대성연립
1000002577,210000042,212000078,59,고강1동사무소
1000002577,210000042,212000252,59,수주초등학교
1000002577,210000042,212000241,59,동원아파트
1000002577,210000042,212000253,59,고강아파트
1000001416,222000055,222000373,66,빙그레.중부고속독로.도농리
1000001416,222000055,222000372,66,도농주유소.도농동사무소입구.수석동입구육교
1000001416,222000055,222000371,66,도농역.동화중고교
1000001416,222000055,222000370,66,양정초등학교.부영아파트
1000002577,210000042,212000113,59,오정구청
1000002577,210000042,212000141,59,복지회관
1000002577,210000042,212000243,59,원종2동사무소
1000001416,222000055,222000369,66,주막거리.지금동사무소
1000001416,222000055,222000368,66,남양주제2청사.경찰서.도농삼거리
1000001416,222000055,222000338,66,양정동입구.훈련장.양정동사무소입구
1000001416,222000055,222000337,66,동일자동차학원
1000001416,222000055,222000336,66,진안삼거리
1000001416,222000055,222000335,66,진안마을
1000001416,222000055,222000334,66,금곡역
1000001416,222000055,222000748,66,양병원
1000001416,222000055,222000143,66,사능입구.금곡우체국.목화예식장
1000001416,222000055,222000142,66,금곡동구종점.금곡육교
1000001416,222000055,222000331,66,금곡중고등학교
1000001416,222000055,222000330,66,남양주시청
1000001416,222000055,222000329,66,돌팍고개
1000001416,222000055,222000328,66,장내마을.평내파출소
1000001416,222000055,222001039,66,평내상업지구
1000001416,222000055,222001041,66,금호어울림아파트
1000001416,222000055,222001043,66,화성유진아파트
1000001416,222000055,222001044,66,중흥2차아파트
1000001416,222000055,222001046,66,백본초등학교앞
1000001416,222000055,222000176,66,궁평마을
1000001416,222000055,222000175,66,평내전철역
1000001416,222000055,222000174,66,호평상업지구
1000001416,222000055,222000173,66,현대아이파크.판곡초등학교
1000001416,222000055,222000163,66,대주신명아파트
1000001416,222000055,222000958,66,호만마을.중흥아파트
1000001416,222000055,222001070,66,판곡중학교
1000001416,222000055,222001072,66,현대우림아파트
1000001416,222000055,222000825,66,호평동차고지
1000001416,222000055,222001073,66,현대우림아파트
1000001416,222000055,222001071,66,판곡중학교
1000001384,229000025,229000485,3,신창철강
1000001384,229000025,229001126,3,상지석2리마을회관
1000001384,229000025,229001124,3,육각정
1000001384,229000025,219000484,3,구양계장
1000001384,229000025,219000567,3,박애원
1000001384,229000025,219000066,3,응곡마을
1000001336,207000054,235000601,30-1(현대),회암편의점
1000001336,207000054,235000521,30-1(현대),율정동삼거리상회
1000001336,207000054,235000087,30-1(현대),천보초교앞
1000001336,207000054,235000086,30-1(현대),모정동
1000001336,207000054,235000085,30-1(현대),귀율동
1000001336,207000054,235000084,30-1(현대),기우리다리앞
1000001336,207000054,235000083,30-1(현대),새마을목장
1000001336,207000054,235000082,30-1(현대),65사단앞
1000001336,207000054,235000382,30-1(현대),풀무원입구
1000001336,207000054,235000400,30-1(현대),윗삼가대
1000001336,207000054,235000399,30-1(현대),삼숭2통마을회관
1000001336,207000054,235000398,30-1(현대),삼숭2통.아랫삼가대
1000001336,207000054,235000397,30-1(현대),양주2동사무소
1000001336,207000054,235000396,30-1(현대),나래아파트앞
1000001336,207000054,235000395,30-1(현대),TS3차푸른솔아파트
1000001336,207000054,235000516,30-1(현대),장거리삼거리
1000001336,207000054,235000518,30-1(현대),현대아파트
1000001336,207000054,235000386,30-1(현대),명진빌라입구
1000001336,207000054,235000385,30-1(현대),축산위생연구소
1000001336,207000054,235000519,30-1(현대),현진에버빌아파트
1000001336,207000054,235000917,30-1(현대),덕계7동(도둔리)
1000001336,207000054,235000081,30-1(현대),새마을목장
1000001336,207000054,235000080,30-1(현대),기우리다리앞
1000001336,207000054,235000079,30-1(현대),귀율동
1000001336,207000054,235000078,30-1(현대),모정동
1000001336,207000054,235000077,30-1(현대),천보초교앞
1000001336,207000054,235000094,30-1(현대),율정동삼거리상회
1000001336,207000054,235000600,30-1(현대),회암편의점
1000001336,207000054,235000093,30-1(현대),서재말
1000001336,207000054,235000861,30-1(현대),주공6단지
1000001336,207000054,235000092,30-1(현대),덕정고교
1000001336,207000054,235000073,30-1(현대),주공1단지
1000001336,207000054,235000072,30-1(현대),주공5단지
1000001336,207000054,235000134,30-1(현대),썬마트앞
1000001336,207000054,235000133,30-1(현대),덕정역
1000001336,207000054,235000484,30-1(현대),진흥마트
1000001336,207000054,235000487,30-1(현대),충성아파트
1000001336,207000054,235000582,30-1(현대),부대앞
1000001336,207000054,235000891,30-1(현대),차고지
1000002018,217000001,224000555,1,한국가스안전공사.대야초교입구
1000002018,217000001,224000554,1,하대야동
1000002018,217000001,224000553,1,상대야동
1000002018,217000001,224000552,1,변전소.부천시흥시계
1000002018,217000001,211000129,1,어머니도시락
1000002018,217000001,211000023,1,진영상고.현대물파스
1000002018,217000001,211000022,1,소사본1동사무소
1000002018,217000001,211000021,1,부원초등학교
1000002018,217000001,211000020,1,세종병원
1000002018,217000001,211000105,1,소명지하차도입구.구세무서
1000002018,217000001,211000112,1,부천남부역E마트.부천남부역
1000002018,217000001,211000103,1,자유시장
1000002018,217000001,210000013,1,전화국사거리
1000002018,217000001,210000101,1,부천대학입구.부천전화국
1000002018,217000001,210000100,1,시민운동장
1000002018,217000001,210000099,1,중동주공A
1000002018,217000001,210000282,1,중동역.부천여고.상동시장
1000002018,217000001,210000281,1,솔안공원.새하늘교회
1000002018,217000001,210000050,1,송내역
1000002018,217000001,210000049,1,반달마을입구
1000002018,217000001,210000061,1,복사골문화센타
1000002018,217000001,210000124,1,상2동사무소
1000002018,217000001,210000212,1,행복한마을.푸른마을
1000001474,234000015,201000129,1007,곶집마을차고지
1000001474,234000015,201000128,1007,장애인종합복지회관
1000001474,234000015,201000127,1007,청구1차A.축산기술연구소
1000001474,234000015,201000327,1007,오현초등학교
1000001474,234000015,201000023,1007,고색초등학교.태산1차A
1000001474,234000015,201000022,1007,고색파출소.신병원
1000001474,234000015,201000021,1007,공구유통타운.평동입구.자동차매매단지
1000001474,234000015,201000299,1007,수원역광장
1000001474,234000015,201000304,1007,귀족웨딩홀.구시외버스터미널입구
1000001474,234000015,201000303,1007,고등동사무소
1000001474,234000015,201000302,1007,수원여자고등학교
1000001474,234000015,200000239,1007,병무청.화서시장
1000001474,234000015,200000238,1007,화서문파출소
1000001474,234000015,200000190,1007,화서문장안공원
1000001474,234000015,200000189,1007,장안문.장안공원북문
1000001474,234000015,202000057,1007,종로.매향교
1000001474,234000015,202000081,1007,남향동사무소.매향동
1000001474,234000015,202000055,1007,창룡문.활터.연무대
1000001474,234000015,202000001,1007,연무중학교
1000001474,234000015,202000053,1007,우만동4단지
1000001474,234000015,203000167,1007,봉령사
1000001474,234000015,203000166,1007,경기대후문
1000001474,234000015,206000135,1007,삼평동
1000001474,234000015,206000134,1007,한성.독점마을
1000001474,234000015,204000064,1007,한국도로공사앞
1000001474,234000015,204000063,1007,시흥사거리
1000001474,234000015,204000002,1007,고등동사무소
1000001474,234000015,204000001,1007,고등동
1000001474,234000015,204000046,1007,등자리
1000001474,234000015,204000045,1007,공군A
1000001474,234000015,204000044,1007,효성중고교
1000001474,234000015,204000043,1007,오야동.신촌동사무소
1000001474,234000015,204000042,1007,신촌동앞
1000001471,222000014,110000053,7-3,국민체력센타
1000001471,222000014,110000051,7-3,태능선수촌
1000002017,217000006,217000532,61,(주)부광약품
1000002017,217000006,217000034,61,한국바이엘
1000002017,217000006,217000033,61,대덕전자
1000002017,217000006,217000032,61,코방
1000002017,217000006,217000031,61,삼화왕관
1000002017,217000006,217000029,61,오양기공
1000002017,217000006,217000028,61,세아제강
1000002017,217000006,217000027,61,인터플렉스
1000002017,217000006,217000026,61,도금단지
1000002017,217000006,217000188,61,경원여객종점
1000001124,229000034,229000928,700,교하.다율리
1000000000,229000045,229000225,301,이삭가든.이삭다리
1000001495,234000033,221000088,11-1,수택동축협
1000001495,234000033,221000087,11-1,구보건소.양지목용탕
1000001495,234000033,221000086,11-1,토평검배사거리.인덕약국
1000001495,234000033,221000055,11-1,학원앞.종로학원
1000001124,229000034,229000849,700,트리플메디컬타운
1000001124,229000034,229000826,700,숲속길마을.동문A
1000001124,229000034,229000849,700,트리플메디컬타운
1000001124,229000034,229100722,700,동패4리.교하가든
1000001124,229000034,229001278,700,동패2리.일산공원
1000001124,229000034,229001298,700,동패2리.샘말
1000001124,229000034,229001290,700,동패1리
1000001124,229000034,229001299,700,삽다리사거리
1000001124,229000034,219000273,700,덕이동문A
1000001124,229000034,219000272,700,중앙하이츠A
1000001124,229000034,219000271,700,만자고개
1000001124,229000034,219000270,700,고양여자중고교.백송마을
1000001124,229000034,219000391,700,송산3동사무소
1000001124,229000034,219000133,700,농수산물센터
1000001124,229000034,219000132,700,예비군훈련장.민방위교육장
1000001124,229000034,219000366,700,대화역
1000001124,229000034,219000365,700,일산서구청(중)
1000001124,229000034,219000364,700,문촌마을(중)
1000001124,229000034,219000363,700,주엽역(중)
1000001124,229000034,219000192,700,강선마을(중)
1000001124,229000034,219000190,700,강선마을(중)
1000001124,229000034,219000189,700,주엽역(중)
1000001124,229000034,219000129,700,문촌마을(중)
1000001124,229000034,219000128,700,일산서구청(중)
1000001124,229000034,219000193,700,대화역
1000001124,229000034,219000127,700,예비군훈련장.삼익A.풍림3단지
1000001124,229000034,219000126,700,농수산물센타.성저5단지
1000001124,229000034,219000389,700,송산동사무소
1000001124,229000034,219000388,700,덕이동로데오거리
1000001124,229000034,219000123,700,철산A
1000001124,229000034,219000002,700,일산가구공단.탄현큰마을
1000001124,229000034,219000001,700,송산동
1000001124,229000034,229000981,700,송학동아미가골프장입구
1000001124,229000034,229000980,700,자유로아이파크입구.까치마을.야당2리
1000001124,229000034,229000979,700,설미.파주건설중기.야당2리
1000001124,229000034,229000978,700,야당1리.현대철강.돌정
1000001124,229000034,229000977,700,청와원.용정저수지입구
1000001124,229000034,229000976,700,와동3리
1000001124,229000034,229000975,700,동문1차A.운정사거리.지산초교
1000001124,229000034,229000937,700,동문2차A
1000001124,229000034,229000936,700,파주교하현대A
1000001124,229000034,229000934,700,목동삼거리
1000001124,229000034,229000933,700,월드메르디앙A1차정문
1000001124,229000034,229000932,700,월드메르디앙A1차후문
1000001124,229000034,229000931,700,월드메르디앙A2차정문
1000001124,229000034,229000930,700,월드메르디앙A2차후문
1000001124,229000034,229000829,700,숲속길마을.동문A
1000001124,229000034,229000856,700,우리은행앞
1000001124,229000034,229000855,700,청석마을
1000001124,229000034,229000854,700,청석마을.청석초등학교
1000001124,229000034,229000853,700,난방공사
1000001124,229000034,229000898,700,다율리
1000001124,229000034,229000897,700,청석주유소
1000001124,229000034,229000927,700,교하.다율리
1000000000,231000101,231000239,7-6,공도정류장
1000000000,231000101,231000547,7-6,공도중학교
1000000000,231000101,231000238,7-6,한일아파트
1000000000,231000101,231001200,7-6,금호어울림1단지
1000000000,231000101,231001202,7-6,한국폴리텍여자대학앞
1000000000,231000101,231001204,7-6,금호어울림2단지
1000000000,231000101,231001207,7-6,금호어울림아파트입구
1000000000,231000101,231000689,7-6,형제주유소
1000000000,231000101,231000131,7-6,신기
1000000000,231000101,231000130,7-6,응봉
1000000000,231000101,231000129,7-6,심교
1000000000,231000101,231000128,7-6,방신1리
1000000000,231000101,231000671,7-6,방산리
1000000000,231000101,231001208,7-6,덕봉
1000000000,231000101,231000665,7-6,덕봉리
1000000000,231000101,231001210,7-6,덕봉서원
1000000000,231000101,231000667,7-6,공단
1000000000,231000101,231001085,7-6,천웅사입구
1000000000,231000101,231000076,7-6,양성터미널
1000000000,231000101,231001215,7-6,동항지방산업단지
1000000000,231000101,231001216,7-6,3.1운동기념관
1000000000,231000101,231001232,7-6,성은리
1000000000,231000101,231001230,7-6,공군부대앞
1000000000,231000101,231001228,7-6,성은삼거리
1000000000,231000101,231001226,7-6,안성국가공인시험장
1000000000,231000101,231001223,7-6,산하리삼거리
1000000000,231000101,231001134,7-6,산하리(평동)
1000000000,231000101,214001296,7-6,산하리
1000000000,231000101,214001295,7-6,은산1리
1000000000,231000101,231001224,7-6,산하리삼거리
1000000000,231000101,231000706,7-6,지문낚시터
1000000000,231000101,231000078,7-6,상지문
1000000000,231000101,231000702,7-6,하지문
1000000000,231000101,231000092,7-6,원곡
1000000000,231000101,231001220,7-6,원곡초등학교
1000000000,231000101,231001239,7-6,원곡지방산업단지
1000000000,231000101,231001221,7-6,원곡초등학교
1000000000,231000101,231000089,7-6,원곡
1000000000,231000101,231001222,7-6,하지문
1000000000,231000101,231000077,7-6,상지문
1000000000,231000101,231000705,7-6,지문낚시터
1000000000,231000101,231001225,7-6,산하리삼거리
1000000000,231000101,231001134,7-6,산하리(평동)
1000000000,231000101,214001296,7-6,산하리
1000000000,231000101,214001295,7-6,은산1리
1000000000,231000101,231001224,7-6,산하리삼거리
1000000000,231000101,231001227,7-6,안성국가자격시험장
1000000000,231000101,231001229,7-6,성은삼거리
1000002017,217000006,224000462,61,구지정
1000002017,217000006,224000461,61,황고개약수터
1000002017,217000006,224000460,61,시흥경찰서
1000002017,217000006,224000459,61,중앙병원
1000002017,217000006,224000458,61,삼성A
1000002017,217000006,224000143,61,장곡초등학교.숲속마을A
1000002017,217000006,224000142,61,대우A.장곡중학교
1000002017,217000006,224000141,61,진말초등학교
1000002017,217000006,224000140,61,두일마을
1000002018,217000001,210000366,1,시민운동장
1000002018,217000001,210000365,1,부천전화국
1000002018,217000001,210000003,1,부천전화국사거리.부천대학입구.심곡고가
1000002018,217000001,211000003,1,자유시장
1000002018,217000001,211000002,1,부천남부역
1000002018,217000001,211000017,1,부천우체국.역전우체국
1000002018,217000001,211000019,1,소사3거리.세종병원
1000002018,217000001,211000018,1,부원초등학교
1000002018,217000001,211000149,1,소사본1동사무소
1000002018,217000001,211000148,1,진영상고.현대물파스
1000002018,217000001,211000128,1,어머니도시락
1000002018,217000001,224000551,1,변전소.부천시흥시계
1000002018,217000001,224000550,1,상대야동
1000002018,217000001,224000549,1,하대야동
1000002018,217000001,224000548,1,한국가스안전공사.대야초교입구
1000002018,217000001,224000547,1,구시청.시흥문화원.시흥보건소
1000002018,217000001,224000546,1,신천삼거리
1000002018,217000001,224000545,1,삼미시장
1000002018,217000001,224000599,1,신천사거리
1000002018,217000001,224000736,1,볶음자리
1000002018,217000001,224000598,1,복음자리
1000002018,217000001,224000597,1,검바위
1000002018,217000001,224000596,1,신현초교.백제당약국.은행동
1000002018,217000001,224000595,1,시민교회
1000002018,217000001,224000593,1,미산동입구.한덕판지
1000002018,217000001,224000735,1,미산동입구.한덕판지
1000002018,217000001,224000592,1,포동입구
1000002018,217000001,224000591,1,새터말
1000002018,217000001,224000590,1,동아A.성원A
1000002018,217000001,224000589,1,법륭사
1000002018,217000001,224000588,1,참이슬A
1000002018,217000001,224000587,1,시흥등기소.유호A
1000002018,217000001,224000586,1,광석동
1000002018,217000001,224000585,1,시청삼거리
1000002018,217000001,224000584,1,연성중앙교회
1000002018,217000001,224000583,1,새터마을
1000002018,217000001,224000582,1,산뒤마을
1000002018,217000001,224000581,1,영각사입구
1000002018,217000001,217000002,1,진덕사입구
1000000000,231000005,231000464,370,내방리
1000000000,231000005,231000280,370,평촌
1000002018,217000001,217000008,1,예비군훈련장
1000002018,217000001,217000171,1,검문소사거리
1000002018,217000001,224000580,1,녹원A
1000002018,217000001,224000579,1,동원A
1000002018,217000001,224000648,1,도일시장
1000002018,217000001,217000170,1,삼익A입구
1000002018,217000001,217000152,1,원곡역.화훼단지
1000002018,217000001,217000174,1,안산역
1000002018,217000001,217000219,1,안산역
1000002018,217000001,217000169,1,일성신약.유통상가
1000002018,217000001,217000168,1,나영단지
1000002018,217000001,217000167,1,삼일제약
1000002018,217000001,217000166,1,대성산소사거리.터미널.영풍
1000002018,217000001,217000165,1,두레에어메탈
1000002018,217000001,217000164,1,(주)율촌화학
1000002018,217000001,217000163,1,부광약품
1000002018,217000001,217000162,1,대정전자
1000002018,217000001,217000161,1,중소기업은행
1000002018,217000001,217000160,1,초당약품
1000002018,217000001,217000159,1,비츠로테크
1000002018,217000001,217000158,1,대한전선사거리
1000002018,217000001,217000157,1,위아(주)
1000002018,217000001,217000156,1,경원여객종점
1000002017,217000006,217000156,61,경원여객종점
1000002017,217000006,217000520,61,(주)세경
1000002017,217000006,217000046,61,도금단지
1000002017,217000006,217000450,61,인터플렉스
1000002017,217000006,217000045,61,덕산약품
1000002017,217000006,217000044,61,세아제강
1000002017,217000006,217000043,61,금성제어기
1000002017,217000006,217000042,61,삼화왕관
1000002017,217000006,217000041,61,풍안산업
1000002017,217000006,217000040,61,대덕GDS
1000002017,217000006,217000039,61,한국바이엘
1000002017,217000006,217000038,61,동아일보
1000002017,217000006,217000037,61,잉크테크
1000002017,217000006,217000101,61,변전소.일성신약
1000002017,217000006,217000174,61,안산역
1000002017,217000006,217000219,61,안산역
1000002017,217000006,217000218,61,원곡역.주유소
1000002017,217000006,217000173,61,삼익A입구
1000002017,217000006,224000600,61,도일시장
1000002017,217000006,224000544,61,동원A
1000002017,217000006,224000466,61,군자파출소
1000002017,217000006,224000465,61,아주A
1000002017,217000006,224000464,61,군자중고입구
1000002017,217000006,224000144,61,군자공고
1000002017,217000006,224000463,61,구지정
1000002017,217000006,224000290,61,군자정미소
1000002017,217000006,211000103,61,자유시장
1000002017,217000006,210000013,61,전화국사거리
1000002017,217000006,210000012,61,부천대학
1000002017,217000006,210000011,61,부천소방서
1000002017,217000006,210000010,61,신영증권
1000002017,217000006,210000169,61,중부경찰서.GS스퀘어백화점
1000002017,217000006,210000163,61,홈에버
1000002017,217000006,210000158,61,은하마을입구.쌍용A
1000002017,217000006,210000162,61,부천시청
1000002017,217000006,210000161,61,노동청부천지청.현대백화점.경기예술고
1000002017,217000006,210000251,61,홈플러스
1000002017,217000006,210000327,61,무지개고가.메가플러스앞
1000002017,217000006,210000166,61,노동청부천지청.현대백화점.경기예술고
1000002017,217000006,210000165,61,부천시청
1000002017,217000006,210000218,61,중흥마을입구
1000002017,217000006,210000164,61,GS스퀘어백화점.홈에버
1000002017,217000006,210000453,61,중부경찰서.GS스퀘어백화점
1000002017,217000006,210000006,61,신영증권
1000002017,217000006,210000005,61,부천소방서
1000002017,217000006,210000004,61,부천대학
1000002017,217000006,210000003,61,부천전화국사거리.부천대학입구.심곡고가
1000002017,217000006,211000003,61,자유시장
1000002017,217000006,211000111,61,부천남부역
1000002017,217000006,211000017,61,부천우체국.역전우체국
1000002017,217000006,211000019,61,소사3거리.세종병원
1000002017,217000006,211000018,61,부원초등학교
1000002017,217000006,211000149,61,소사본1동사무소
1000002017,217000006,211000148,61,진영상고.현대물파스
1000002017,217000006,211000128,61,어머니도시락
1000002017,217000006,224000551,61,변전소.부천시흥시계
1000002017,217000006,224000550,61,상대야동
1000002017,217000006,224000549,61,하대야동
1000002017,217000006,224000548,61,한국가스안전공사.대야초교입구
1000002017,217000006,224000547,61,구시청.시흥문화원.시흥보건소
1000002017,217000006,224000546,61,신천삼거리
1000002017,217000006,224000545,61,삼미시장
1000002017,217000006,224000599,61,신천사거리
1000002017,217000006,224000736,61,볶음자리
1000002017,217000006,224000598,61,복음자리
1000002017,217000006,224000597,61,검바위
1000002017,217000006,224000596,61,신현초교.백제당약국.은행동
1000002017,217000006,224000595,61,시민교회
1000002017,217000006,224000594,61,양오재
1000002017,217000006,224000735,61,미산동입구.한덕판지
1000002017,217000006,224000592,61,포동입구
1000002017,217000006,224000591,61,새터말
1000002017,217000006,224000590,61,동아A.성원A
1000002017,217000006,224000589,61,법륭사
1000002017,217000006,224000588,61,참이슬A
1000002017,217000006,224000587,61,시흥등기소.유호A
1000002017,217000006,224000137,61,시흥등기소
1000002017,217000006,224000136,61,연성중학교
1000000000,231000005,231000320,370,신건지동
1000000000,231000005,231000319,370,대덕공단입구
1000000000,231000005,231000318,370,내건지
1000000000,231000005,231000253,370,중앙대학교앞
1000000000,231000005,231000252,370,신령리
1000000000,231000005,231000251,370,구문
1000002017,217000006,224000139,61,대동청구A.장현초교
1000002017,217000006,224000138,61,시흥시청
1000002017,217000006,224000538,61,시흥시청삼거리.시청입구
1000002017,217000006,224000537,61,광석동
1000002017,217000006,224000137,61,시흥등기소
1000002017,217000006,224000136,61,연성중학교
1000002017,217000006,224000135,61,연꽃마을금호A
1000002017,217000006,224000398,61,금호타운
1000002017,217000006,224000289,61,시흥고교.연꽃마을금오A
1000002017,217000006,224000483,61,시흥등기소
1000002017,217000006,224000536,61,연성플라.유호A.시흥등기소
1000002017,217000006,224000535,61,참이슬A
1000002017,217000006,224000400,61,법륭사
1000002017,217000006,224000534,61,성원동아A
1000002017,217000006,224000533,61,새터말
1000002017,217000006,224000532,61,포동삼거리.포동입구
1000002017,217000006,224000531,61,미산동입구.한덕판지
1000002017,217000006,224000530,61,양오재
1000002017,217000006,224000529,61,시민교회
1000002017,217000006,224000528,61,신현초교.백제당약국.은행동
1000001289,234000344,206000026,530,서현역.삼성프라자
1000001289,234000344,206000297,530,분당구청.중앙공원
1000001289,234000344,206000296,530,수내역.롯데백화점
1000001289,234000344,206000257,530,느티마을.로얄펠리스
1000001289,234000344,206000256,530,분당클리닉
1000001289,234000344,206000189,530,정자역
1000001289,234000344,206000140,530,아데나펠리스
1000001289,234000344,206000097,530,상록마을.세르빌아파트
1000001289,234000344,206000096,530,청솔마을.한라아파트
1000001289,234000344,206000095,530,미금역
1000001289,234000344,206000094,530,까치마을
1000001289,234000344,206000216,530,하얀마을
1000001289,234000344,206000215,530,오리역
1000001289,234000344,206000241,530,농수산물센터.하나로마트
1000001384,229000025,229001123,3,육각정
1000001384,229000025,229001125,3,마을회관
1000001384,229000025,229000487,3,상지석1리
1000002017,217000006,224000483,61,시흥등기소
1000002017,217000006,224000586,61,광석동
1000002017,217000006,224000482,61,시흥시청삼거리.시청입구
1000002017,217000006,224000481,61,시흥시청
1000002017,217000006,224000480,61,대동청구A
1000002017,217000006,224000479,61,두일마을
1000002017,217000006,224000478,61,진말초등학교
1000002017,217000006,224000477,61,대우A.장곡중학교
1000002017,217000006,224000476,61,장곡초등학교.숲속마을A
1000002017,217000006,224000475,61,삼성A
1000002017,217000006,224000474,61,삼익A
1000002017,217000006,224000473,61,시흥경찰서
1000002017,217000006,224000472,61,황고개약수터
1000002017,217000006,224000471,61,구지정
1000002017,217000006,224000288,61,군자정미소
1000002017,217000006,224000470,61,구지정
1000002017,217000006,224000147,61,군자공고
1000002017,217000006,224000469,61,군자중고입구
1000002017,217000006,224000468,61,아주A
1000002017,217000006,224000467,61,군자우체국앞.군자파출소
1000002017,217000006,224000579,61,동원A
1000002017,217000006,224000648,61,도일시장
1000002017,217000006,217000170,61,삼익A입구
1000002017,217000006,217000152,61,원곡역.화훼단지
1000002017,217000006,217000174,61,안산역
1000002017,217000006,217000219,61,안산역
1000002017,217000006,217000322,61,일성신약옆건너편
1000002017,217000006,217000036,61,세일기계
1000002017,217000006,217000035,61,동아일보
1000000000,231000005,231000298,370,봉산로타리
1000000000,231000005,231000283,370,보개우체국앞
1000000000,231000005,231000282,370,가현동
1000000000,231000005,231000281,370,평촌
1000000000,231000005,231000489,370,양협
1000000000,231000005,231000488,370,안성종합운동장
1000000000,231000005,231000487,370,거리실
1000000000,231000005,231000486,370,상삼리
1000000000,231000005,231000485,370,마전
1000000000,231000005,231000484,370,미장리
1000000000,231000005,231000483,370,미장리
1000000000,231000005,231000482,370,도촌
1000000000,231000005,231001059,370,동아방송예술대
1000000000,231000005,231000481,370,라촌
1000000000,231000005,231001060,370,회암
1000000000,231000005,231000449,370,내강리강촌
1000000000,231000005,231000526,370,두둘기
1000000000,231000005,231001061,370,용원공단
1000000000,231000005,231001062,370,용머리
1000000000,231000005,231000525,370,두평
1000000000,231000005,231000524,370,두현리상삼
1000000000,231000005,231000523,370,하삼
1000000000,231000005,231000864,370,죽산삼거리
1000000000,231000005,231000522,370,관음당
1000000000,231000005,231001063,370,죽산시장앞
1000000000,231000005,231000521,370,죽산시외버스터미널
1000000000,231000005,231000480,370,신광
1000000000,231000005,231001064,370,광장휴계소앞
1000000000,231000005,231000479,370,신촌
1000000000,231000005,231000478,370,대송
1000000000,231000005,231000477,370,일죽종고앞
1000000000,231000005,231000393,370,일죽터미널
1000000000,231000005,231001191,370,일죽터미널
1000000000,231000005,231000539,370,일죽종고앞
1000000000,231000005,231000474,370,대송
1000000000,231000005,231000473,370,신촌
1000000000,231000005,231001065,370,광장휴계소앞
1000000000,231000005,231000472,370,신광
1000000000,231000005,231000521,370,죽산시외버스터미널
1000000000,231000005,231001066,370,죽산시장앞
1000000000,231000005,231000520,370,관음당
1000000000,231000005,231000519,370,죽산삼거리
1000000000,231000005,231000518,370,하삼
1000000000,231000005,231000517,370,두현리상삼
1000000000,231000005,231000516,370,두평
1000000000,231000005,231000515,370,용두
1000000000,231000005,231001067,370,용월공단.외토
1000000000,231000005,231000514,370,두둘기
1000000000,231000005,231000444,370,내강리강촌
1000000000,231000005,231001068,370,회암
1000000000,231000005,231000471,370,라촌
1000000000,231000005,231000470,370,동아방송예술대학
1000000000,231000005,231000469,370,도촌
1000000000,231000005,231000468,370,미장리
1000000000,231000005,231000467,370,마전리
1000000000,231000005,231000572,370,상삼리입구
1000000000,231000005,231000466,370,거리실
1000000000,231000005,231000465,370,종합운동장삼거리
1000000048,222000048,222000273,166-1,두산아파트.벽산아파트
1000000000,231000005,231000279,370,가현동
1000000000,231000005,231000289,370,가사동
1000000000,231000005,231000288,370,안성시청
1000000000,231000005,231000287,370,안성전화국
1000000000,231000005,231000286,370,금호유리앞
1000000000,231000005,231000285,370,한외과
1000000000,231000005,231000284,370,고속터미널
1000000000,231000005,231000322,370,한경대앞
1000000000,231000005,231000549,370,구경찰서
1000000000,231000005,231000321,370,안성의료원
1000001471,222000014,222000643,7-3,독정리
1000001471,222000014,222000487,7-3,금호아파트
1000001471,222000014,222001081,7-3,어냄이삼거리
1000001471,222000014,222001079,7-3,장자말
1000001471,222000014,222001077,7-3,두산.대림아파트.양오초중교
1000000000,231000005,231000250,370,대림동산
1000000000,231000005,231000249,370,롯데마트
1000000000,231000005,231000248,370,문기
1000000000,231000005,231000247,370,만가대
1000000000,231000005,231000552,370,퍼시스
1000001812,232000001,219000012,88(일산),호수초교
1000001812,232000001,219000011,88(일산),이마트
1000001812,232000001,219000383,88(일산),마두역
1000001812,232000001,219000191,88(일산),일산동구청
1000001812,232000001,219000010,88(일산),롯데백화점
1000001812,232000001,219000009,88(일산),홈에버
1000001812,232000001,219000008,88(일산),호수공원육교
1000001812,232000001,219000007,88(일산),대우.삼성오피스텔
1000001812,232000001,219000006,88(일산),승리교회
1000001812,232000001,219000005,88(일산),주엽공업고등학교
1000001812,232000001,219000189,88(일산),주엽역
1000001812,232000001,219000129,88(일산),문촌마을
1000001812,232000001,219000128,88(일산),일산서구청
1000001812,232000001,219000193,88(일산),대화역
1000001812,232000001,219000451,88(일산),종합운동장
1000001812,232000001,219000367,88(일산),농수산물센터
1000001812,232000001,219000450,88(일산),고양종합운동장
1000001812,232000001,219000366,88(일산),대화역
1000001812,232000001,219000365,88(일산),일산서구청
1000001812,232000001,219000364,88(일산),문촌마을
1000001812,232000001,219000363,88(일산),주엽역
1000001812,232000001,219000362,88(일산),주엽초교
1000001812,232000001,219000361,88(일산),승리교회
1000001812,232000001,219000360,88(일산),호수공원
1000001812,232000001,219000359,88(일산),호수공원육교
1000001812,232000001,219000358,88(일산),미관광장
1000001812,232000001,219000357,88(일산),롯데백화점
1000001812,232000001,219000356,88(일산),일산동구청
1000001812,232000001,219000370,88(일산),마두역
1000001812,232000001,219000217,88(일산),이마트
1000001812,232000001,219000216,88(일산),호수초교앞
1000001812,232000001,219000215,88(일산),호수13블록
1000001812,232000001,219000214,88(일산),백신고교
1000001812,232000001,219000164,88(일산),백석중학교
1000001812,232000001,219000213,88(일산),흰돌5단지
1000001812,232000001,219000446,88(일산),백석전철역
1000001812,232000001,219000211,88(일산),일산공원
1000000000,229000045,229001019,301,갈곡리종점
1000000000,229000045,229000226,301,갈곡다리앞
1000001416,222000055,222000849,66,부영아파트2단지후문
1000001416,222000055,222000852,66,도농복지회관
1000001416,222000055,222000886,66,빙그레앞
1000001416,222000055,222000887,66,남양아파트
1000001416,222000055,222000989,66,롯데아파트
1000001495,234000033,221000085,11-1,구리여자중.고등학교
1000001495,234000033,221000114,11-1,수평사거리.우림아파트
1000001495,234000033,221000113,11-1,밀알교회
1000001495,234000033,221000112,11-1,럭키아파트.장중환산부인과
1000001495,234000033,221000111,11-1,수택3동사무소.농협.국민은행
1000001495,234000033,221000110,11-1,하나아파트.대림한숲아파트
1000001495,234000033,221000109,11-1,구리A.우성A.한양A
1000001495,234000033,221000174,11-1,교문아파트
1000001495,234000033,221000080,11-1,백문초등학교.교문중학교.동양아파트
1000001495,234000033,221000141,11-1,구리경찰서.금호아파트
1000001495,234000033,221000140,11-1,한다리마을
1000002017,217000006,224000527,61,검바위
1000002017,217000006,224000526,61,복음자리
1000002017,217000006,224000525,61,신천사거리
1000002017,217000006,224000524,61,삼미시장
1000002017,217000006,224000557,61,신천삼거리
1000002017,217000006,224000556,61,구시청.시흥문화원.시흥보건소
1000002017,217000006,224000555,61,한국가스안전공사.대야초교입구
1000002017,217000006,224000554,61,하대야동
1000002017,217000006,224000553,61,상대야동
1000002017,217000006,224000552,61,변전소.부천시흥시계
1000002017,217000006,211000129,61,어머니도시락
1000002017,217000006,211000023,61,진영상고.현대물파스
1000002017,217000006,211000022,61,소사본1동사무소
1000002017,217000006,211000021,61,부원초등학교
1000002017,217000006,211000020,61,세종병원
1000002017,217000006,211000105,61,소명지하차도입구.구세무서
1000002017,217000006,211000112,61,부천남부역E마트.부천남부역
1000002017,217000006,211000104,61,부천남부역
1000002018,217000001,210000336,1,홈플러스
1000002018,217000001,210000381,1,하얀마을
1000002018,217000001,210000062,1,복사골문화센타
1000002018,217000001,210000285,1,반달마을입구
1000002018,217000001,210000224,1,송내역
1000002018,217000001,210000283,1,솔안공원.새하늘교회
1000002018,217000001,210000259,1,중동역.부천여고.상동시장
1000002018,217000001,210000368,1,중동주공A
1000002018,217000001,210000367,1,시민회관
1000000000,231000101,231000122,7-6,신기
1000000000,231000101,231000690,7-6,형제주유소
1000000000,231000101,231001206,7-6,금호어울림아파트입구
1000000000,231000101,231001205,7-6,금호어울림2단지
1000000000,231000101,231001203,7-6,한국폴리텍여자대학앞
1000000000,231000101,231001201,7-6,금호어울림1단지
1000000000,231000101,231001212,7-6,금호어울림아파트
1000000000,231000101,231001213,7-6,공도중학교
1000000000,231000101,231001075,7-6,공도터미널
1000001495,234000033,221000089,11-1,남양시장.교문정형외과
1000001495,234000033,221000057,11-1,대림한숲아파트
1000001495,234000033,221000101,11-1,수택3동사무소.농협.국민은행
1000001495,234000033,221000100,11-1,럭키아파트.장중환산부인과
1000001495,234000033,221000099,11-1,밀알교회
1000001495,234000033,221000098,11-1,수평사거리.우림아파트
1000001495,234000033,221000073,11-1,구리여중고교.SK.신일아파트
1000001495,234000033,221000072,11-1,검배사거리.인덕약국
1000001495,234000033,221000071,11-1,구보건소.양지목욕탕
1000001495,234000033,221000070,11-1,수택동축협.우리병원
1000001495,234000033,221000069,11-1,남양시장.교문정형외과
1000001495,234000033,221000189,11-1,구리시장
1000001495,234000033,221000187,11-1,새마을금고
1000001495,234000033,221000185,11-1,세무사사거리
1000001495,234000033,221000224,11-1,한국전력.남양주세무서
1000001495,234000033,221000195,11-1,삼육중고교
1000001495,234000033,221000019,11-1,교문사거리.구리한양대병원후문
1000001495,234000033,221000018,11-1,인창동사무소.대림아파트.성림스포츠센터
1000001495,234000033,221000017,11-1,일신건영아파트.배탈고개
1000001495,234000033,221000024,11-1,현대아파트.최촌마을
1000001495,234000033,221000097,11-1,동구동사무소
1000001495,234000033,221000016,11-1,동구릉입구
1000001495,234000033,221000015,11-1,시립동구어린이집
1000001495,234000033,221000014,11-1,한진그랑빌아파트.인창어울림아파트
1000001495,234000033,221000013,11-1,샛말
1000001495,234000033,221000096,11-1,돌무들
1000001495,234000033,221000012,11-1,구리시립묘지
1000001495,234000033,221000011,11-1,사노리안마을
1000001495,234000033,221000010,11-1,두레물골.언제마을
1000001495,234000033,221000095,11-1,양지마을
1000001495,234000033,221000156,11-1,협동마을
1000001495,234000033,221000155,11-1,담터
1000001495,234000033,221000154,11-1,갈매동사무소
1000001495,234000033,221000153,11-1,갈매농협.갈매초등학교
1000001495,234000033,221000152,11-1,보현사
1000001812,232000001,219000210,88(일산),테크노타운
1000001812,232000001,219000209,88(일산),백송.선경아파트
1000001812,232000001,219000208,88(일산),백마한양아파트
1000001812,232000001,219000207,88(일산),마두1동사무소
1000001812,232000001,219000206,88(일산),백마벽산아파트
1000001812,232000001,219000205,88(일산),정발고등학교
1000001812,232000001,219000204,88(일산),국립암센터
1000001812,232000001,219000203,88(일산),초가집
1000001812,232000001,219000202,88(일산),정발산동사무소
1000001812,232000001,219000201,88(일산),밤가시마을
1000001812,232000001,219000200,88(일산),일산3동주민센터
1000001812,232000001,219000199,88(일산),한양아파트.후곡롯데아파트
1000001812,232000001,219000198,88(일산),후곳동부아파트
1000001812,232000001,219000197,88(일산),성저13단지
1000001812,232000001,219000196,88(일산),성저공원
1000001812,232000001,219000195,88(일산),대진고등학교
1000001812,232000001,219000194,88(일산),장성초등학교
1000001812,232000001,219000193,88(일산),대화역
1000001812,232000001,219000367,88(일산),농수산물센터
1000001812,232000001,219000450,88(일산),고양종합운동장
1000001453,234000315,228001064,9001,광명샤인빌앞
1000001453,234000315,228001063,9001,동부A.내대지마을5단지
1000001453,234000315,228001062,9001,한국정보사회진흥원
1000001453,234000315,228001060,9001,내대지마을2단지.대지산공원
1000001471,222000014,222000132,7-3,신광마을입구
1000001453,234000315,228001059,9001,산내들현대A.도담아이파크
1000001453,234000315,228001058,9001,롯데A.대일초교앞
1000001453,234000315,228001057,9001,금강프라자
1000001453,234000315,228001056,9001,한신A.길훈A
1000001453,234000315,228001086,9001,동성2차A
1000001453,234000315,228001085,9001,동성1차A
1000001453,234000315,228001084,9001,대현초등학교
1000001453,234000315,206000251,9001,농수산물유통센터
1000001453,234000315,206000405,9001,성우스타우스앞.오리역.낙생농협
1000001453,234000315,206000334,9001,LG아파트.무지개마을4거리.신한A
1000001453,234000315,206000333,9001,무지개마을4거리.주공4단지.건영A
1000001453,234000315,206000332,9001,하얀마을.삼성빌라.벽산빌라
1000001453,234000315,206000331,9001,오리초등학교
1000001453,234000315,206000330,9001,미금초등학교
1000001453,234000315,206000329,9001,롯데A상가.까치마을.대우A.신원A
1000001453,234000315,206000328,9001,까치마을.대원사거리
1000001453,234000315,206000327,9001,한국가스공사.한국토지공사
1000001453,234000315,206000248,9001,정자3동사무소.이마트.동아한진A
1000001453,234000315,206000247,9001,정든마을.우성A
1000001453,234000315,206000246,9001,한솔마을.LGA
1000001453,234000315,206000245,9001,푸른마을.그래드프라자
1000001453,234000315,206000321,9001,중앙공원.샛별마을.우방A
1000001453,234000315,206000320,9001,중앙공원.샛별마을.라이프A
1000001453,234000315,206000319,9001,동아우성A.효자촌.시범단지
1000001453,234000315,206000318,9001,서현중학교
1000001453,234000315,206000317,9001,새마을연수원.시범단지
1000001453,234000315,206000316,9001,이매한촌한신A.재생프라자.서현혁
1000001453,234000315,101000005,9001,롯데백화점.명동입구
1000001453,234000315,206000239,9001,이매촌한신A.제생병원.서현역.삼성프라자
1000001453,234000315,206000238,9001,시범단지.새마을연수원
1000001453,234000315,206000237,9001,서현중학교
1000001453,234000315,206000186,9001,동아우성A.효자촌.시범단지
1000001453,234000315,206000185,9001,중앙공원.샛별마을.라이프A
1000001453,234000315,206000184,9001,중앙공원.샛별마을.우성A
1000001453,234000315,206000244,9001,푸른마을.금산프라자
1000001453,234000315,206000243,9001,한솔초등학교.주공5단지
1000001453,234000315,206000242,9001,정든마을.신화A
1000001453,234000315,206000223,9001,정든마을.이마트
1000001453,234000315,206000178,9001,한국가스공사.한국토지공사
1000001453,234000315,206000399,9001,청솔마을.주공10단지.동아A
1000001453,234000315,206000176,9001,신원A상가.까치마을
1000001453,234000315,206000175,9001,미금초등학교
1000001495,234000033,221000139,11-1,아천동.아치울마을
1000001495,234000033,221000009,11-1,동사골.LG운동장
1000001495,234000033,221000008,11-1,우미내검문소
1000001495,234000033,124000042,11-1,둔촌프라자아파트.GS자이아파트.신동아아파트
1000001495,234000033,221000036,11-1,우미내검문소
1000001495,234000033,221000007,11-1,동사골.LG운동장
1000001495,234000033,221000006,11-1,아치울마을
1000001495,234000033,221000005,11-1,한다리마을
1000001471,222000014,110000044,7-3,서울여대앞
1000001471,222000014,110000046,7-3,태릉국제사격장입구
1000001471,222000014,110000048,7-3,태릉
1000001471,222000014,110000050,7-3,태릉선수촌
1000001471,222000014,110000054,7-3,삼육대학교
1000002577,210000042,114000292,59,신월3동파출소
1000002577,210000042,114000233,59,국민은행신월동지점
1000002577,210000042,114000232,59,농협
1000002577,210000042,115000102,59,제일병원
1000002577,210000042,114000397,59,기아부품
1000002577,210000042,114000237,59,농협
1000002577,210000042,114000401,59,신월사거리
1000001472,222000015,110000056,73,담터고개
1000001472,222000015,110000055,73,삼육대학교
1000001472,222000015,110000053,73,국민체력센타
1000001472,222000015,110000051,73,태릉선수촌
1000001472,222000015,110000049,73,태릉
1000001495,234000033,221000079,11-1,금호아파트.구리경찰서
1000001495,234000033,221000078,11-1,동양아파트.장자중학교
1000001495,234000033,221000102,11-1,LG원앙아파트.한성아파트
1000000000,231000005,214000838,370,평택터미널
1000000000,231000005,214000595,370,버스터미널앞
1000000000,231000005,214000835,370,굿모님병원(맞은편)
1000000000,231000005,214000741,370,대동자동차학원
1000000000,231000005,214000740,370,평택대학교
1000000000,231000005,231000544,370,우림청설아파트
1000000000,231000005,231000242,370,진사리(양진)
1000000000,231000005,231000540,370,삼천리가스
1000000000,231000005,231000543,370,쌍용출고장
1000000000,231000005,231000241,370,진등
1000000000,231000005,231000240,370,주은.풍림아파트
1000000000,231000005,231000239,370,공도정류장
1000000000,231000005,231001218,370,공도중학교
1000000000,231000005,231001233,370,금호어울림아파트
1000000000,231000005,231000237,370,만가대
1000000000,231000005,231000236,370,문기
1000000000,231000005,231000235,370,롯데마트
1000000000,231000005,231000234,370,대림동산
1000000000,231000005,231000233,370,구문
1000000000,231000005,231000232,370,내리
1000000000,231000005,231000254,370,중앙대정문
1000000000,231000005,231000317,370,대덕면사무소
1000000000,231000005,231000316,370,안성제1공단
1000000000,231000005,231000315,370,옥산주공앞
1000000000,231000005,231000314,370,안성의료원
1000000000,231000005,231000313,370,구경찰서
1000000000,231000005,231000312,370,한경대
1000000000,231000005,231000302,370,고속터미널
1000000000,231000005,231000301,370,광신시장입구
1000000000,231000005,231000300,370,영동
1000000000,231000005,231000299,370,안성전화국
1000001453,234000315,206000174,9001,오리초등학교
1000001453,234000315,206000173,9001,하얀마을.삼성빌라.벽산빌라
1000001453,234000315,206000172,9001,무지개마을4거리.주공7단지.건영A
1000001453,234000315,206000171,9001,신한A
1000001453,234000315,206000241,9001,벽산A.농수산물유통센터.농협하나로클럽
1000001472,222000015,110000047,73,태릉국제사격장입구
1000001472,222000015,110000045,73,서울여대앞
1000001472,222000015,110000043,73,육사입구
1000001472,222000015,110000041,73,공릉동입구
1000001472,222000015,110000039,73,화랑대역
1000001472,222000015,110000013,73,태릉입구
1000001472,222000015,110000016,73,북부지방법원
1000001472,222000015,110000005,73,태릉입구역
1000001472,222000015,110000212,73,월계3동한진그랑빌아파트
1000001472,222000015,110000184,73,석계역(6호선)
1000001472,222000015,110000649,73,석계역(1호선)
1000001453,234000315,228001143,9001,대현적전중고교
1000001453,234000315,228001141,9001,동성1.2차A.신세계
1000001453,234000315,228001027,9001,한신A.길훈A
1000001453,234000315,228001026,9001,대지초등학교
1000001453,234000315,228001025,9001,대일초교.롯데A
1000000000,231000099,231000262,50-9,대천동(공판장앞)
1000000000,231000099,231000333,50-9,금산교차로
1000000000,231000099,231000033,50-9,수정연립
1000000000,231000099,231000032,50-9,당왕사거리
1000000000,231000099,231000031,50-9,반석주유소
1000000000,231000099,231000030,50-9,금석
1000000000,231000099,231000029,50-9,동남아파트
1000000000,231000099,231000028,50-9,사곡동
1000000000,231000099,231000027,50-9,사곡
1000000000,231000099,231000802,50-9,굴암사입구
1000000000,231000099,231000026,50-9,진현리
1000000000,231000099,231000025,50-9,진현리(양잠)
1000000000,231000099,231001108,50-9,토현리
1000000000,231000099,231000806,50-9,대갈리하갈입구
1000000000,231000099,231000023,50-9,대갈리
1000000000,231000099,231000022,50-9,평촌
1000000000,231000099,231000021,50-9,신창리마을
1000000000,231000099,231000832,50-9,고삼가유리
1000000000,231000099,231000381,50-9,신가
1000000000,231000099,231001234,50-9,하가
1000000000,231000099,231001236,50-9,신안성CC기숙사
1000000000,231000099,231000834,50-9,신안CC
1000000000,231000099,231000836,50-9,노곡낚시터
1000000000,231000099,231000380,50-9,염티
1000000000,231000099,231000838,50-9,노곡삼거리
1000000000,231000099,231000377,50-9,미산3리
1000000000,231000099,231000376,50-9,미산2리
1000000000,231000099,231001109,50-9,실버타운
1000000000,231000099,231000738,50-9,미리내실버타운
1000000000,231000099,231001056,50-9,미리내전통테마마을
1000000000,231000099,231000375,50-9,미리내종점
1000000000,231000099,231001057,50-9,미리내전통테마마을
1000000000,231000099,231000739,50-9,미리내실버타운
1000000000,231000099,231001110,50-9,인선요양병원
1000000000,231000099,231000373,50-9,미산2리
1000000000,231000099,231000372,50-9,미산3리
1000000000,231000099,231000839,50-9,노곡삼거리
1000000000,231000099,231000383,50-9,염티
1000000000,231000099,231000837,50-9,노곡낚시터
1000000000,231000099,231000835,50-9,신안CC
1000000000,231000099,231001237,50-9,신안성CC기숙사)
1000000000,231000099,231001235,50-9,하가
1000000000,231000099,231000382,50-9,신가
1000000000,231000099,231000833,50-9,고삼가유리
1000000000,231000099,231000046,50-9,신창리마을
1000000000,231000099,231000045,50-9,평촌
1000000000,231000099,231000044,50-9,대갈리
1000000000,231000099,231000807,50-9,대갈리하갈입구
1000000000,231000099,231000043,50-9,토현리
1000000000,231000099,231000042,50-9,진현리(양잠)
1000000000,231000099,231000041,50-9,진현리
1000000000,231000099,231000803,50-9,굴암사입구
1000000000,231000099,231000040,50-9,사곡
1000000000,231000099,231000039,50-9,사곡동
1000000000,231000099,231000038,50-9,동남아파트
1000000048,222000048,222000359,166-1,삼패동삼거리.평구마을
1000002007,219000014,112000016,77,이대후문
1000001471,222000014,222001075,7-3,쌍용아파트.삭다니입구
1000000000,222000004,222000473,202,청구아파트
1000000000,222000004,222000472,202,극동.성호아파트
1000000000,222000004,222000471,202,서일대교육원.양지1리회관
1000000000,222000004,222000977,202,양지편마을입구
1000000000,222000004,222000644,202,양지마을입구
1000000000,222000004,222000645,202,양지아파트
1000000000,222000004,222000919,202,차고지
1000002577,210000042,210000335,59,부천터미널소풍
1000002577,210000042,210000166,59,현대백화점.경기예술고교
1000002577,210000042,210000165,59,부천시청
1000002577,210000042,210000218,59,신시청앞
1000002577,210000042,210000164,59,GS백화점
1000002577,210000042,210000168,59,신흥로
1000002577,210000042,210000037,59,부청세무서
1000002577,210000042,210000371,59,나성빌딩
1000002577,210000042,210000370,59,지영정밀
1000002577,210000042,210000369,59,농협신흥지점
1000002577,210000042,210000374,59,약대사거리
1000002577,210000042,210000373,59,농협도당동지점
1000002577,210000042,210000372,59,도당사거리
1000002577,210000042,210000376,59,북중학교
1000002577,210000042,210000393,59,현대자동차앞
1000002577,210000042,210000394,59,도당교
1000002577,210000042,212000118,59,영화아파트앞
1000002577,210000042,212000148,59,성지아파트
1000002577,210000042,212000147,59,원종2동사무소
1000002577,210000042,212000312,59,복지회관
1000002174,200000143,200000001,13-3,하광교느티나무
1000002174,200000143,200000176,13-3,용머리
1000002174,200000143,200000175,13-3,용머리다리앞
1000002174,200000143,200000174,13-3,상광교신다리
1000002174,200000143,200000173,13-3,상광교마을회관
1000002174,200000143,200000172,13-3,새마을주택앞
1000002174,200000143,200000171,13-3,상광교종점
1000002301,228000179,123000054,1001,문정역
1000002301,228000179,206000239,1001,이매촌한신
1000002301,228000179,206000238,1001,새마을연수원입구
1000002301,228000179,206000237,1001,서현중학교
1000002301,228000179,206000186,1001,우성프라자
1000002301,228000179,206000185,1001,중앙공원
1000002301,228000179,206000184,1001,중앙공원
1000002301,228000179,206000183,1001,파크타운(양지마을앞)
1000002301,228000179,206000182,1001,주공7단지
1000002301,228000179,206000181,1001,정자동주민센터
1000002301,228000179,206000180,1001,한솔프라자
1000002301,228000179,206000179,1001,계원예술고교.한국통신
1000002301,228000179,206000043,1001,이마트
1000002301,228000179,206000178,1001,한국가스공사
1000002301,228000179,206000177,1001,대원사거리.청솔주공4단지
1000001674,223000051,214000002,7-7,우림아파트
1000000000,222000004,222000290,202,법골
1000000000,222000004,222000124,202,먹골
1000000000,222000004,222000495,202,사능역.진건지구대
1000000000,222000004,222000494,202,진건중학교.진건농협
1000000000,222000004,222000493,202,용정사거리.진건읍사무소.진건초등학교
1000000000,222000004,222000492,202,한신.세아아파트
1000000000,222000004,222000491,202,지세마을
1000000000,222000004,222000490,202,별마을
1000000000,222000004,222000641,202,훈련장입구
1000000000,222000004,222000489,202,교통안전공단.하독정리입구
1000000000,222000004,222000642,202,노인복지회관
1000000000,222000004,222000488,202,진건고등학교.경남빌라
1000000000,222000004,222000643,202,독정리
1000000000,222000004,222000487,202,금호아파트.남양주장례식장
1000002577,210000042,212000246,59,시계지점
1000002577,210000042,212000244,59,시계지점
1000002577,210000042,212100002,59,삼거리
1000002577,210000042,212100030,59,동원아파트
1000002577,210000042,212000240,59,수주초등학교
1000002577,210000042,212000092,59,고강1동사무소
1000002577,210000042,212000091,59,대성연립앞
1000002577,210000042,212000090,59,성진맨션
1000002577,210000042,212000089,59,옥일아파트
1000002577,210000042,212000143,59,오건아파트
1000002577,210000042,212000237,59,삼경아파트
1000002577,210000042,212000238,59,주공아파트
1000002577,210000042,212000239,59,원종고등학교
1000002301,228000179,228001328,1001,동부아파트
1000002577,210000042,212000140,59,상가앞
1000002577,210000042,212000146,59,동산빌리지
1000002577,210000042,210000395,59,도당교
1000002577,210000042,212000186,59,도담오공원
1000002577,210000042,212000138,59,북중학교
1000002577,210000042,212000005,59,도당사거리
1000002577,210000042,212000004,59,농협도당동지점
1000002577,210000042,210000338,59,약대동회앞
1000002577,210000042,210000296,59,손가면옥
1000002577,210000042,210000295,59,부천세무서
1000002577,210000042,210000105,59,중흥중학교
1000002577,210000042,210000163,59,홈에버
1000002577,210000042,210000158,59,은하쌍용아파트
1000002577,210000042,210000290,59,부천시청.중동프라자앞
1000002577,210000042,210000525,59,중동전화국
1000002577,210000042,210000335,59,부천터미널소풍
1000002053,215000012,235000854,53-1,휴먼시아주공7단지
1000002053,215000012,235000906,53-1,휴먼시아
1000002053,215000012,235000063,53-1,회천초교.주공4단지
1000002053,215000012,235000062,53-1,주공3단지
1000002053,215000012,235000061,53-1,주공2단지
1000002053,215000012,235000073,53-1,주공1단지
1000002053,215000012,235000072,53-1,주공5단지
1000002053,215000012,235000134,53-1,썬마트앞
1000002053,215000012,235000133,53-1,덕정역
1000002053,215000012,235000814,53-1,진흥마트
1000001472,222000015,222000938,73,현대.금강아파트
1000001472,222000015,222000551,73,신우아파트
1000001472,222000015,222000550,73,정광아파트
1000001472,222000015,222000549,73,진접읍사무소
1000001472,222000015,222000530,73,금곡리입구.신동아아파트
1000001472,222000015,222000633,73,청화빌라
1000001471,222000014,222000642,7-3,노인복지회관
1000001757,228000238,228000305,20,초부리
1000001757,228000238,228000304,20,갈담리
1000001757,228000238,228000303,20,모현면(갈담리)
1000001757,228000238,228000302,20,왕곡마을
1000001757,228000238,228000301,20,모현면(왕산초등학교)
1000001757,228000238,228000300,20,모현면
1000001757,228000238,228000299,20,왕산4리
1000001757,228000238,228000298,20,장전평앞
1000001757,228000238,228000297,20,모산마을
1000001757,228000238,228000296,20,독산
1000001757,228000238,234000312,20,매산2리앞
1000001757,228000238,234000311,20,매산3리
1000001757,228000238,234000309,20,대주2차아파트
1000001757,228000238,234000308,20,매산리공수부대앞
1000001757,228000238,234000307,20,매곡초교앞
1000001757,228000238,234000306,20,롯데칠성앞
1000001757,228000238,234000305,20,양벌초등학교
1000001757,228000238,234000304,20,쌍용아파트
1000001757,228000238,234000303,20,양벌3리
1000001757,228000238,234000302,20,현대주유소앞
1000001757,228000238,234000522,20,삼성빌라앞
1000001757,228000238,234000324,20,경인중학교
1000001757,228000238,234000323,20,역1동
1000001757,228000238,234000322,20,광주중앙고앞
1000001757,228000238,234000269,20,축협앞
1000001757,228000238,234000965,20,구버스터미널
1000001757,228000238,234000270,20,역동사거리
1000001757,228000238,234000321,20,역1통
1000001757,228000238,234000320,20,광주중앙고입구
1000001757,228000238,234000319,20,역동
1000001757,228000238,234000318,20,장지사거리앞
1000001757,228000238,234000295,20,삼성빌라앞
1000001757,228000238,234000294,20,양벌삼거리
1000001757,228000238,234000293,20,새마을상회앞
1000001757,228000238,234000292,20,쌍용아파트앞
1000001757,228000238,234000291,20,양벌2리
1000001757,228000238,234000290,20,롯데칠성앞
1000001757,228000238,234000289,20,매곡초교앞
1000001757,228000238,234000288,20,특전교육단후문
1000001757,228000238,234000287,20,고목나무앞
1000001757,228000238,234000286,20,매산3리
1000001757,228000238,234000285,20,매산2리앞
1000001757,228000238,228000344,20,독산마을
1000001757,228000238,228000343,20,모산마을
1000001757,228000238,228000342,20,장진평
1000001757,228000238,228000341,20,모현면
1000001757,228000238,228000340,20,왕산초등학교
1000001757,228000238,228000339,20,모현면사무소
1000001757,228000238,228000338,20,갈담(파담)
1000001757,228000238,228000337,20,갈담리
1000001757,228000238,228000336,20,모현면(초부리)
1000001757,228000238,228000335,20,초현
1000001757,228000238,228000334,20,삼계리
1000001757,228000238,228000333,20,도사마을
1000001757,228000238,228000332,20,재원아파트
1000001757,228000238,228000331,20,우체국앞
1000001757,228000238,228000330,20,농협앞
1000001757,228000238,228001366,20,포곡동주민세터
1000001757,228000238,228001157,20,대륙앞
1000001757,228000238,228001155,20,55사단앞
1000001757,228000238,228001153,20,둔전
1000001757,228000238,228001740,20,둔전농협앞
1000001757,228000238,228001151,20,신원아파트
1000001757,228000238,228000329,20,인정멜로디아파트
1000001757,228000238,228000328,20,수포교
1000001757,228000238,228000327,20,화원앞
1000001757,228000238,228000326,20,방축동
1000001757,228000238,228000325,20,버드실입구
1000001757,228000238,228000324,20,유림동주민센터
1000001757,228000238,228000323,20,무수막
1000001757,228000238,228000322,20,해동산업앞
1000001757,228000238,228000321,20,술막다리
1000001757,228000238,228000197,20,용인터미널
1000000000,222000004,222000920,202,차고지
1000000000,222000004,222000129,202,양지아파트
1000000000,222000004,222000128,202,양지마을입구
1000000000,222000004,222000127,202,양지편마을입구
1000000000,222000004,222000522,202,양지1리마을회관
1000000000,222000004,222000521,202,극동.성호아파트
1000000000,222000004,222000520,202,청구아파트앞
1000000000,222000004,222000519,202,여우내부락
1000000000,222000004,222000518,202,오남읍사무소입구.삼신아파트.오남중학교
1000000000,222000004,222000517,202,두산아파트.오남소방서
1000000000,222000004,222000516,202,보영아파트앞.오남가구단지
1000000000,222000004,222000515,202,한국.롯데아파트
1000000000,222000004,222000514,202,성도아파트
1000000000,222000004,222000513,202,오남초등학교
1000000000,222000004,222000512,202,동부아파트.팔현리입구
1000000000,222000004,222000511,202,진주아파트
1000000000,222000004,222000510,202,일신건영.파라다이스빌앞
1000000000,222000004,222000509,202,대한아파트
1000000000,222000004,222000508,202,한신1차.플러스빌아파트.어람초등학교
1000000000,222000004,222000507,202,한신2차.신일아파트.어내미마을
1000000000,222000004,222001063,202,신우아파트
1000000000,222000004,222000506,202,금호어울림아파트.남양주장례예식장
1000000000,222000004,222000505,202,독정리
1000000000,222000004,222000504,202,진건고등학교.경남빌라
1000000000,222000004,222000503,202,노인회관앞
1000000000,222000004,222000502,202,하독정리입구.교통안전공단
1000000000,222000004,222000501,202,훈련장입구
1000000000,222000004,222000500,202,별마을
1000000000,222000004,222000631,202,지세마을
1000000000,222000004,222000675,202,한신.세아아파트
1000000000,222000004,222000498,202,용정사거리.진건읍사무소.진건초등학교
1000000000,222000004,222000497,202,진건농협.진건중학교
1000000000,222000004,222000496,202,사능역.진건지구대
1000000000,222000004,222000632,202,먹골
1000000000,222000004,222000289,202,법골
1000000000,222000004,222000288,202,진관사거리
1000000000,222000004,222000287,202,진관교앞
1000000000,222000004,222000286,202,부대앞.쌍용예가아파트
1000000000,222000004,222000285,202,퇴계원면사무소
1000000000,222000004,222000284,202,퇴계원역
1000000000,222000004,222000283,202,풍양출장소.퇴계원사거리
1000000000,222000004,221000138,202,퇴계원다리
1000000000,222000004,221000137,202,사노리나들목
1000000000,222000004,221000136,202,양지마을
1000000000,222000004,221000135,202,언제마을
1000000000,222000004,221000134,202,사노리안마을
1000000000,222000004,221000133,202,사노동.구리시립묘지
1000000000,222000004,221000132,202,돌무들
1000000000,222000004,221000131,202,샛말
1000000000,222000004,221000130,202,동창도.한진그랑빌아파트.인창어울림아파트
1000000000,222000004,221000129,202,시립동구어린이집
1000000000,222000004,221000128,202,동구릉
1000000000,222000004,221000151,202,건영아파트
1000000000,222000004,221000150,202,현대아파트.최촌마을
1000000000,222000004,221000149,202,배탈고개.일신건영아파트
1000000000,222000004,221000148,202,인창동사무소.성림스포츠.대림아파트
1000000000,222000004,221000147,202,교문사거리.인창초등학교
1000001472,222000015,222000529,73,진접지구대앞
1000002053,215000012,235000161,53-1,덕정사거리
1000002053,215000012,235000160,53-1,용암2리
1000002053,215000012,235000038,53-1,사귀부대앞
1000002053,215000012,235000701,53-1,봉양1통
1000002053,215000012,215000013,53-1,송내삼거리
1000002053,215000012,215000155,53-1,아차노리입구
1000002053,215000012,215000012,53-1,소내상회앞
1000002053,215000012,215000011,53-1,송내주공5단지.송내광장
1000002053,215000012,215000010,53-1,송내주공5단지
1000002053,215000012,215000146,53-1,송내주공4단지
1000002053,215000012,215000169,53-1,송내주공2단지
1000002053,215000012,215000168,53-1,지행역
1000002053,215000012,215000036,53-1,현대아파트
1000002053,215000012,215000035,53-1,대원빌라
1000002053,215000012,215000088,53-1,생골사거리
1000002053,215000012,215000087,53-1,동두천중앙역
1000002053,215000012,215000004,53-1,큰시장앞
1000002053,215000012,215000003,53-1,구버스터미널앞
1000002053,215000012,215000002,53-1,서울병원사거리.중앙시장
1000002053,215000012,215000001,53-1,문화극장앞
1000000000,222000004,222001062,202,신우아파트
1000000000,222000004,222000486,202,어내미.한신2차.신일아파트
1000000000,222000004,222000485,202,한신1차.플러스빌아파트.어람초등학교
1000000000,222000004,222000484,202,대한아파트앞
1000000000,222000004,222000483,202,파라다이스빌.일신건영아파트
1000000000,222000004,222000482,202,진주아파트
1000000000,222000004,222000481,202,동부아파트.팔현리입구
1000000000,222000004,222000480,202,오남초등학교
1000000000,222000004,222000479,202,성도아파트
1000000000,222000004,222000478,202,한국아파트
1000000000,222000004,222000477,202,보영아파트앞.오남가구단지
1000000000,222000004,222000476,202,두산아파트.오남소방서
1000000000,222000004,222000475,202,오남읍사무소.삼신아파트.오남중학교
1000000000,222000004,222000474,202,요우내마을
1000002174,200000143,200000169,13-3,경기대입구
1000002174,200000143,200000005,13-3,광교산입구
1000002174,200000143,200000004,13-3,문암골
1000002174,200000143,200000003,13-3,비석거리입구
1000002174,200000143,200000002,13-3,하광교
1000001463,234000026,201000270,720-2,이춘택병원
1000001463,234000026,202000052,720-2,녹산문고앞
1000001463,234000026,202000051,720-2,2001아울렛
1000001463,234000026,202000050,720-2,성빈센트병원
1000001463,234000026,202000015,720-2,동수원병원
1000001463,234000026,202000014,720-2,인계선경아파트
1000001463,234000026,202000049,720-2,우만아파트
1000001463,234000026,203000067,720-2,아주대입구
1000001463,234000026,203000066,720-2,아주대학교
1000001463,234000026,202000039,720-2,유신고
1000001463,234000026,202000038,720-2,효성초교
1000001463,234000026,202000042,720-2,수원월드컵경기장
1000001463,234000026,203000043,720-2,중소기업지원센터
1000001463,234000026,203000042,720-2,산의초교
1000001463,234000026,203000045,720-2,이의동사무소
1000001463,234000026,203000180,720-2,수원시재활용처리장
1000001463,234000026,203000191,720-2,부대앞
1000001463,234000026,228001041,720-2,독바위
1000001463,234000026,228001040,720-2,상현교차로
1000001463,234000026,228000875,720-2,서원초교
1000001463,234000026,228000874,720-2,상현동주민센터
1000001463,234000026,228000873,720-2,수자원공사
1000001463,234000026,228000872,720-2,아이파크10단지
1000001463,234000026,228000892,720-2,현대홈타운
1000001463,234000026,228000891,720-2,두산기술원
1000001463,234000026,228000890,720-2,성복동주민센터
1000001463,234000026,228000889,720-2,태영아파트
1000001463,234000026,228000888,720-2,변전소앞
1000001463,234000026,228000952,720-2,진흥아파트앞
1000001463,234000026,228000951,720-2,상록아파트
1000001463,234000026,228000950,720-2,현대성우아파트
1000001463,234000026,228000949,720-2,주공9단지
1000001463,234000026,228000948,720-2,주공아파트앞
1000001463,234000026,228000947,720-2,하나프라자앞
1000001463,234000026,228000946,720-2,현대그린프라자
1000001463,234000026,228000945,720-2,동보아파트
1000001463,234000026,228000944,720-2,삼성체육관
1000001463,234000026,228001029,720-2,신세계백화점.변전소앞
1000001463,234000026,228001086,720-2,동성2차아파트
1000001463,234000026,228001085,720-2,동성아파트
1000001463,234000026,228001084,720-2,대현초등학교
1000001463,234000026,206000251,720-2,농수산물센타
1000002301,228000179,206000215,1001,오리역
1000002301,228000179,206000241,1001,농수산물센타
1000002301,228000179,228001144,1001,벽산아파트
1000002301,228000179,228001143,1001,죽전중.고등학교
1000002301,228000179,228001142,1001,동성아파트
1000002301,228000179,228001140,1001,죽전마을(단대입구)
1000002301,228000179,228001139,1001,보정역
1000002301,228000179,228001137,1001,신촌마을2단지
1000002301,228000179,228001136,1001,이마트앞
1000002301,228000179,228001135,1001,이마트
1000002301,228000179,228001134,1001,LG연원마을
1000002301,228000179,228001133,1001,마북3동
1000002301,228000179,228001325,1001,구성삼거리앞
1000002301,228000179,228001574,1001,구성초등학교
1000002301,228000179,228001327,1001,구성동주민센터
1000002301,228000179,228000851,1001,삼성레미안.동부센트레빌.동일하이빌
1000002301,228000179,228000850,1001,경찰대사거리앞
1000002301,228000179,228000849,1001,신일아파트
1000002301,228000179,228001712,1001,법무연수원앞
1000002301,228000179,228000847,1001,광도와이드빌
1000002301,228000179,228000846,1001,신촌마을
1000002301,228000179,228000845,1001,어정마을
1000002301,228000179,228001329,1001,어정삼거리
1000002301,228000179,228000158,1001,동백이마트
1000002301,228000179,228001721,1001,호수마을(동부써미트빌)
1000002301,228000179,228000154,1001,동막초등학교
1000002301,228000179,228000153,1001,동백중학교
1000002301,228000179,228000167,1001,동백고등학교
1000002301,228000179,228000166,1001,동백소방서(동일하이빌.롯데캐슬)
1000002301,228000179,228000165,1001,쥬네브
1000002301,228000179,228000164,1001,성산마을(삼성타워)
1000002301,228000179,228000163,1001,동백역(성산마을)
1000002301,228000179,228000162,1001,어은목마을(코아루아파트)
1000002301,228000179,228000161,1001,초당중학교
1000002301,228000179,228000160,1001,초당초등학교
1000002053,215000012,238000023,53-1,초성2리.부대앞
1000002053,215000012,238000264,53-1,초성공업사
1000002053,215000012,238000263,53-1,초성리역앞
1000002053,215000012,215000174,53-1,초성1리.약수터
1000002053,215000012,215000076,53-1,마니커앞
1000002053,215000012,215000067,53-1,안말입구.승전교입구
1000002053,215000012,215000075,53-1,부대앞
1000001416,222000055,222000160,66,호만마을.중흥아파트
1000001416,222000055,222000162,66,대주.신명아파트
1000001416,222000055,222001053,66,현대아이파크.판곡초등학교
1000001416,222000055,222000171,66,벌말입구.이마트
1000001416,222000055,222000170,66,평내호평역
1000001416,222000055,222000168,66,궁평마을
1000001416,222000055,222001047,66,백봉초등학교
1000001416,222000055,222001045,66,대주2차아파트
1000001416,222000055,222001042,66,화성아파트
1000001416,222000055,222001040,66,금호어울림아파트
1000001416,222000055,222001038,66,평내상업지구
1000001416,222000055,222000320,66,평내문화촌마을
1000001416,222000055,222000319,66,장내마을.평내파출소
1000001416,222000055,222000318,66,돌팍고개
1000001416,222000055,222000317,66,남양주시청
1000001416,222000055,222000141,66,금곡구종점
1000001416,222000055,222000140,66,사능입구.금곡우체국.목화예식장
1000001416,222000055,222000139,66,양병원
1000001416,222000055,222000312,66,금곡역앞
1000001416,222000055,222000311,66,야구장.진안마을
1000001416,222000055,222000310,66,진안사거리
1000001416,222000055,222000309,66,동일자동차학원
1000001416,222000055,222000307,66,양정동입구.훈련장.양정동사무소입구
1000001416,222000055,222000345,66,남양주제2종합청사.경찰서
1000001416,222000055,222000344,66,지금동사무소.주막거리
1000001416,222000055,222000343,66,양정초등학교.부영아파트
1000001416,222000055,222000341,66,도농역.동화중고교
1000001416,222000055,222000340,66,도농주유소앞
1000001416,222000055,222000339,66,빙그레.중부고속도로입구
1000001416,222000055,222000990,66,롯데아파트
1000001416,222000055,222000888,66,남양아파트
1000001416,222000055,222000889,66,빙그레
1000001416,222000055,222000851,66,도농동복지회관
1000001416,222000055,222000850,66,부영아파트2단지후문
1000001416,222000055,222000842,66,미금중학교
1000001416,222000055,222000840,66,차고지
1000001471,222000014,222000288,7-3,진관사거리
1000001471,222000014,222000287,7-3,진관다리
1000001471,222000014,222000286,7-3,부대앞.쌍용아파트
1000001471,222000014,222000285,7-3,퇴계원면사무소
1000001471,222000014,222001066,7-3,성원아파트
1000001471,222000014,222001067,7-3,빛과소금교회앞
1000001471,222000014,222001068,7-3,신도아파트.KT앞
1000001471,222000014,222001069,7-3,일신건영아파트
1000001471,222000014,222000571,7-3,퇴계원관사앞
1000001471,222000014,222000570,7-3,퇴계원초등학교앞
1000001471,222000014,222000569,7-3,퇴계원농협앞
1000001471,222000014,222000568,7-3,극동아파트
1000001471,222000014,222000636,7-3,퇴계원사거리
1000000048,222000048,222000910,166-1,도곡리차고지
1000000048,222000048,222000266,166-1,건영아파트.우성아파트
1000000048,222000048,222000265,166-1,시범단지
1000000048,222000048,222000264,166-1,농협앞
1000000048,222000048,222000263,166-1,두산아파트.벽산아파트
1000000048,222000048,222000262,166-1,현대아파트
1000000048,222000048,222001004,166-1,동부센트레빌.덕소아이파크
1000001757,228000238,228000306,20,경방사택앞
1000000048,222000048,222000801,166-1,코오롱아파트정문
1000000048,222000048,222000881,166-1,전화국
1000000048,222000048,222000883,166-1,덕소초등학교
1000001453,234000315,101000002,9001,평화방송.백병원
1000002007,219000014,112000036,77,이대부중
1000002007,219000014,112000015,77,세브란스병원앞
1000002007,219000014,112000013,77,연대앞
1000002007,219000014,112000011,77,서대문우체국앞
1000002007,219000014,112000009,77,연희104고지앞(구성산회관)
1000002007,219000014,112000006,77,모래내시장(가좌역)
1000002007,219000014,112000004,77,북가좌요진아파트
1000002007,219000014,112000002,77,북가좌동삼거리
1000002007,219000014,111000008,77,수색전철역(6호선)앞
1000002007,219000014,111000006,77,수색역앞
1000002007,219000014,111000004,77,수색교
1000002007,219000014,111000002,77,덕은교(은평차고지앞)
1000002001,219000006,118000089,82,당산역
1000002001,219000006,118000040,82,대우프르지오.소방회관.당산동삼환아파트
1000002001,219000006,118000035,82,영등포시장
1000002001,219000006,118000212,82,영등포역종점
1000002001,219000006,118000026,82,신세계백화점
1000002001,219000006,118000019,82,영등포시장
1000002001,219000006,118000041,82,당산동삼환아파트.대우프르지오.소방회관
1000002001,219000006,118000501,82,당산역
1000002329,219000007,118000048,1008,KBS본관.국회의사당
1000002329,219000007,118000070,1008,여의도역
1000002329,219000007,118000064,1008,KBS별관.진주아파트
1000002329,219000007,118000060,1008,여의도시범아파트
1000002329,219000007,118000057,1008,여의도중학교
1000002329,219000007,118000055,1008,여의나루역
1000002329,219000007,118000052,1008,여의도순복음교회
1000002329,219000007,118000044,1008,국회의사당
1000002525,229000032,111000560,34,불광동터미널
1000000048,222000048,222000281,166-1,덕소역
1000000048,222000048,222000861,166-1,와부읍사무소
1000000048,222000048,222000884,166-1,덕소초등학교
1000000048,222000048,222000882,166-1,전화국
1000000048,222000048,222000260,166-1,코오롱아파트후문
1000000048,222000048,222001005,166-1,동부센트레빌.덕소아이파크
1000000048,222000048,222000274,166-1,덕소현대아파트
1000000048,222000048,222000272,166-1,덕소고등학교
1000000048,222000048,222000271,166-1,농협앞
1000000048,222000048,222000270,166-1,시범단지
1000000048,222000048,222000269,166-1,우성아파트.건영아파트
1000000048,222000048,222000268,166-1,연대농장입구.도곡리종점
1000000048,222000048,222000760,166-1,도곡리차고지
1000001471,222000014,222000629,7-3,광릉내
1000001471,222000014,222000135,7-3,신촌
1000001471,222000014,222001064,7-3,마명리입구
1000001471,222000014,222000134,7-3,광천마을
1000001471,222000014,222000133,7-3,신한미아파트
1000001757,228000238,228000307,20,경방
1000001471,222000014,222000554,7-3,진접중학교
1000001471,222000014,222000553,7-3,장승마을
1000001471,222000014,222000938,7-3,현대.금강아파트
1000001471,222000014,222000551,7-3,신우아파트
1000001471,222000014,222000550,7-3,정광아파트
1000001471,222000014,222000549,7-3,진접읍사무소
1000001471,222000014,222000530,7-3,신동아아파트.금곡리입구
1000001471,222000014,222000633,7-3,청화빌라
1000001471,222000014,222000529,7-3,진접지구대앞
1000001471,222000014,222000528,7-3,진접농협앞
1000001471,222000014,222000527,7-3,장현초등학교
1000001471,222000014,222001086,7-3,봉현마을.현대병원
1000001471,222000014,222000525,7-3,장현주공아파트
1000001471,222000014,222000524,7-3,원모루
1000001471,222000014,222000523,7-3,중포마을.연평리입구
1000001471,222000014,222001074,7-3,삭다니입구.쌍용아파트
1000001471,222000014,222001076,7-3,두산.대림아파트.양오초중교
1000001471,222000014,222001078,7-3,장자말
1000001471,222000014,222001080,7-3,어냄이삼거리
1000001471,222000014,222000506,7-3,금호아파트
1000001471,222000014,222000505,7-3,독정리
1000001471,222000014,222000504,7-3,진건고등학교
1000001471,222000014,222000503,7-3,노인복지회관
1000001471,222000014,222000502,7-3,하독정리입구
1000001471,222000014,222000501,7-3,예비군훈련장입구
1000001471,222000014,222000500,7-3,별마을
1000001471,222000014,222000631,7-3,지세마을
1000001471,222000014,222000499,7-3,사능한신아파트
1000001471,222000014,222000498,7-3,용정사거리
1000001471,222000014,222000497,7-3,진건농협앞.진건중학교
1000001471,222000014,222000496,7-3,진건파출소
1000001471,222000014,222000632,7-3,먹골
1000001471,222000014,222000289,7-3,법골
1000001471,222000014,222000282,7-3,퇴계원검문소.퇴계원5리
1000001471,222000014,221000175,7-3,주을래마을
1000001471,222000014,221000176,7-3,주을래마을
1000001471,222000014,222000296,7-3,퇴계원검문소
1000001471,222000014,222000580,7-3,퇴계원극동아파트
1000001471,222000014,222000579,7-3,퇴계원농협
1000001471,222000014,222000578,7-3,퇴계원초등학교
1000001471,222000014,222000577,7-3,퇴계원관사앞
1000001472,222000015,107000056,73,석계역굴다리
1000001472,222000015,107000057,73,석계역(6호선)
1000001472,222000015,110000006,73,태릉사거리.태릉입구역
1000001472,222000015,110000017,73,북부지원앞
1000001472,222000015,110000014,73,태릉입구
1000001472,222000015,110000018,73,화랑대역
1000001472,222000015,110000040,73,공릉동입구
1000001472,222000015,110000042,73,육사입구
1000001472,222000015,110000044,73,서울여대앞
1000001472,222000015,110000046,73,태릉국제사격장입구
1000001472,222000015,110000048,73,태릉
1000001472,222000015,110000050,73,태릉선수촌
1000001472,222000015,110000054,73,삼육대학교
1000000000,222000004,106000049,202,망우리고개.동부제일병원
1000000000,222000004,106000046,202,금란교회
1000000000,222000004,106000043,202,망우사거리.하나은행
1000000000,222000004,106000039,202,망우역.상봉터미널.이마트
1000000000,222000004,106500001,202,망우역.상봉터미널
1000000000,222000004,106000003,202,7호선상봉역.중랑우체국
1000000000,222000004,106000005,202,중랑교.동부시장
1000000000,222000004,105000009,202,중랑교
1000000000,222000004,105000011,202,서울위생병원
1000000000,222000004,105000013,202,시조사삼거리.회기역
1000000000,222000004,105000014,202,덕전교사거리.청량중고교
1000000000,222000004,105000440,202,청량리정신병원
1000000000,222000004,105000211,202,청량리한신아파트
1000000000,222000004,105000194,202,홍릉사거리
1000000000,222000004,105000196,202,동대문경찰서
1000000000,222000004,105000199,202,청량리시장.현대코아
1000000000,222000004,105000028,202,청량리역.미주상가
1000000000,222000004,105000030,202,서울시립대입구
1000000000,222000004,105000033,202,휘경동
1000000000,222000004,105000012,202,위생병원
1000000000,222000004,105000010,202,중랑교
1000000000,222000004,106000006,202,중랑교.동부시장
1000000000,222000004,106000004,202,7호선상봉역
1000001471,222000014,222001082,7-3,일신건영아파트
1000001471,222000014,222001083,7-3,신도아파트.KT앞
1000001471,222000014,222001084,7-3,빛과소금교회앞
1000001471,222000014,222001085,7-3,퇴계원면사무소
1000001471,222000014,222000292,7-3,쌍용아파트.부대앞
1000001471,222000014,222000640,7-3,진관다리앞
1000001471,222000014,222000291,7-3,진관사거리
1000001471,222000014,222000290,7-3,법골
1000001471,222000014,222000124,7-3,먹골
1000001471,222000014,222000495,7-3,진건파출소
1000001471,222000014,222000494,7-3,진건농협.잔건중학교
1000001471,222000014,222000493,7-3,진건초등학교
1000001471,222000014,222000492,7-3,사능한신아파트
1000001471,222000014,222000491,7-3,지세마을
1000001471,222000014,222000490,7-3,별마을
1000001471,222000014,222000641,7-3,예비군훈련장입구
1000001471,222000014,222000489,7-3,하독정리입구
1000000000,231000005,231001212,370,금호어울림아파트
1000000000,231000005,231001213,370,공도중학교
1000000000,231000005,231000245,370,공도터미널
1000000000,231000005,231000244,370,주은.풍림아파트
1000000000,231000005,231000243,370,승두리
1000000000,231000005,231000542,370,쌍용출고장
1000000000,231000005,231000541,370,삼천리가스
1000000000,231000005,231000546,370,용이동
1000000000,231000005,231000545,370,우림청성아파트
1000000000,231000005,214000743,370,평택대학교
1000000000,231000005,214000742,370,대동자동차학원
1000000000,231000005,214000836,370,굿모닝병원
1000000000,231000005,214001297,370,합정동
1000000000,231000005,214000839,370,평택터미널
1000001495,234000033,221000127,11-1,보현사
1000001495,234000033,221000126,11-1,갈매농협.갈매초등학교
1000001495,234000033,221000125,11-1,갈매동사무소
1000001495,234000033,221000124,11-1,담터
1000001495,234000033,221000123,11-1,협동마을
1000001495,234000033,221000136,11-1,양지마을
1000001495,234000033,221000135,11-1,두레물골.언제마을
1000001495,234000033,221000134,11-1,사노리안마을
1000001495,234000033,221000133,11-1,구리시립묘지
1000001495,234000033,221000132,11-1,돌무들
1000001495,234000033,221000131,11-1,샘말.성신양회
1000001495,234000033,221000130,11-1,동창마을.한진그랑빌아파트.인창어울림아파트
1000001495,234000033,221000129,11-1,시립동구어린이집
1000001495,234000033,221000128,11-1,동구릉입구
1000001495,234000033,221000151,11-1,건영A.성원A.원일A.롯데마트입구
1000001495,234000033,221000150,11-1,현대아파트.최촌마을
1000001495,234000033,221000149,11-1,배탈고개.일신건영아파트
1000001495,234000033,221000148,11-1,인창동사무소.대림아파트.성문스포츠센터
1000001495,234000033,221000147,11-1,교문사거리.인창초등학교
1000001495,234000033,221000146,11-1,교문사거리.삼육고교
1000001495,234000033,221000223,11-1,남양주세무서
1000001495,234000033,221000184,11-1,세무사사거리
1000001495,234000033,221000186,11-1,새마을금고
1000001495,234000033,221000188,11-1,구리시장
1000000000,231000101,231001231,7-6,공군부대앞
1000000000,231000101,231001081,7-6,성은리
1000000000,231000101,231001217,7-6,산장휴게소
1000000000,231000101,231001214,7-6,동항지방산업단지
1000000000,231000101,231000076,7-6,양성터미널
1000000000,231000101,231001086,7-6,천웅사입구
1000000000,231000101,231000668,7-6,공단
1000000000,231000101,231001211,7-6,덕봉서원
1000000000,231000101,231000666,7-6,덕봉리
1000000000,231000101,231001209,7-6,덕봉
1000000000,231000101,231000672,7-6,방신리
1000000000,231000101,231000125,7-6,방신1리
1000000000,231000101,231000124,7-6,심교
1000000000,231000101,231000123,7-6,응봉
1000001471,222000014,222000470,7-3,연평리입구.중포마을
1000001471,222000014,222000677,7-3,원모루
1000001472,222000015,222000528,73,진접농협
1000001472,222000015,222000527,73,장현초등학교.대명아파트
1000001472,222000015,222000526,73,봉현마을
1000001472,222000015,222000634,73,내동마을.한신아파트
1000001472,222000015,222000538,73,내각농협
1000001472,222000015,222000537,73,대궐터.내각리
1000001472,222000015,222000536,73,풍양초등학교
1000001472,222000015,222000548,73,현창마을
1000001472,222000015,222000923,73,밤섬유원지
1000001472,222000015,222000547,73,동천마을.동촌마을
1000001472,222000015,222000546,73,원내곡
1000001472,222000015,222000545,73,영서마을
1000001472,222000015,222000544,73,전도치마을
1000001472,222000015,222000673,73,임송
1000001472,222000015,222000573,73,뱅이삼거리.뱅이다리
1000001472,222000015,222000572,73,뱅이마루터.뱅이고개
1000001472,222000015,222000571,73,퇴계원관사앞
1000001472,222000015,222000570,73,퇴계원초등학교
1000001472,222000015,222000569,73,퇴계원농협
1000001472,222000015,222000568,73,극동아파트
1000001472,222000015,222000636,73,퇴계원사거리
1000001472,222000015,222000282,73,퇴계원검문소.퇴계원5리
1000001472,222000015,221000175,73,주을래마을
1000000000,222000004,106000002,202,망우역.상봉터미널
1000000000,222000004,106000040,202,이마트.망우역.상봉터미널
1000000000,222000004,106000042,202,우림시장.신한은행
1000000000,222000004,106000045,202,망우사거리.하나은행
1000000000,222000004,106000047,202,금란교회
1000000000,222000004,106000048,202,동부제일병원
1000002301,228000179,123000041,1001,잠실중학교
1000002301,228000179,123000048,1001,잠실역
1000002854,215000013,235000854,53-5,휴먼시아(주공7단지)
1000001472,222000015,221000176,73,주을래마을
1000001472,222000015,222000296,73,퇴계원검문소
1000001472,222000015,222000580,73,퇴계원극동아파트
1000001472,222000015,222000579,73,퇴계원농협
1000001472,222000015,222000578,73,퇴계원초등학교
1000001472,222000015,222000577,73,퇴계원관사앞
1000001472,222000015,222000576,73,뱅이마루터.뱅이고개
1000001472,222000015,222000575,73,뱅이삼거리
1000001472,222000015,222000567,73,임송마을입구.임송삼거리
1000001472,222000015,222000566,73,전도치마을
1000001472,222000015,222001060,73,영서마을
1000001472,222000015,222000564,73,원내곡
1000001472,222000015,222000563,73,동천마을.동촌마을
1000001472,222000015,222000562,73,밤섬유원지
1000000000,222000004,221000162,202,교문사거리
1000000000,222000004,221000161,202,딸기원
1000000000,222000004,221000160,202,남일주유소
1000000000,222000004,221000159,202,남일주유소
1000000000,222000004,221000158,202,딸기원
1000000000,222000004,221000019,202,교리사거리.구리한양대병원후문
1000000000,222000004,221000018,202,인창동사무소.성림스포츠.대림아파트
1000000000,222000004,221000017,202,일신건영아파트.배탈고개
1000000000,222000004,221000024,202,현대아파트.최촌마을
1000000000,222000004,221000097,202,동구동사무소
1000000000,222000004,221000016,202,동구릉
1000000000,222000004,221000015,202,시립동구어린이집
1000001999,219000002,112000031,77-2,연세대학교
1000001999,219000002,112000063,77-2,신촌시장.신촌전철역
1000001999,219000002,112000176,77-2,신촌전철역.현대백화점
1000001999,219000002,112000061,77-2,동교동삼거리
1000001999,219000002,112000064,77-2,연남동
1000001999,219000002,112000028,77-2,구성산회관.연희104고지
1000001999,219000002,112000026,77-2,사천교
1000001999,219000002,112000006,77-2,모래내시장.가좌역
1000001999,219000002,112000004,77-2,북가좌요진아파트
1000001999,219000002,112000002,77-2,북가좌동삼거리
1000001999,219000002,111000008,77-2,수색전철역
1000001999,219000002,111000006,77-2,수색기차역.수색소방서
1000001999,219000002,111000004,77-2,수색교
1000001999,219000002,111000002,77-2,덕은교.은평공영차고지
1000002007,219000014,111000001,77,덕은교(은평차고지앞)
1000002007,219000014,111000003,77,수색교
1000002007,219000014,111000005,77,수색역앞
1000002007,219000014,111000007,77,수색전철역(6호선)앞
1000002007,219000014,112000001,77,북가좌동삼거리
1000002007,219000014,112000003,77,북가좌요진아파트
1000002007,219000014,112000005,77,모래내시장(가좌역)
1000002007,219000014,112000007,77,사천교
1000002007,219000014,112000008,77,연희104고지앞(구성산회관)
1000002007,219000014,112000010,77,서대문우체국앞
1000002007,219000014,112000012,77,연대앞
1000002007,219000014,112000128,77,신촌기차역
1000000000,222000004,221000014,202,동창마을.한진그랑빌아파트.인창어울림아파트
1000000000,222000004,221000013,202,샛말
1000000000,222000004,221000096,202,돌무들
1000000000,222000004,221000012,202,사노동.구리시립묘지
1000000000,222000004,221000011,202,사노리안마을
1000000000,222000004,221000010,202,언제마을
1000000000,222000004,221000095,202,양지마을
1000000000,222000004,221000094,202,사노리나들목
1000000000,222000004,222000295,202,풍양출장소.퇴계원사거리
1000000000,222000004,222000294,202,퇴계원역
1000000000,222000004,222000293,202,퇴계원면사무소
1000000000,222000004,222000292,202,부대앞.쌍용예가아파트
1000000000,222000004,222000640,202,진관다리
1000000000,222000004,222000291,202,진관사거리
1000001674,223000051,214000003,7-7,우림아파트
1000001674,223000051,223000234,7-7,대림아파트(대원동사무소)
1000001674,223000051,223000231,7-7,대림아파트
1000001674,223000051,223000126,7-7,터미널앞
1000001674,223000051,223000050,7-7,농협앞
1000001674,223000051,223000049,7-7,롯데마트
1000001674,223000051,223000198,7-7,신양아파트.원동
1000001674,223000051,223000091,7-7,국민은행앞
1000001674,223000051,223000090,7-7,오산역전.오산역광장
1000001674,223000051,223000232,7-7,대림아파트
1000001674,223000051,223000233,7-7,대림아파트(사회복지관)
1000001471,222000014,222000488,7-3,진건고등학교
1000002301,228000179,123000512,1001,장지역
1000002301,228000179,123000509,1001,육군종합행정학교입구
1000002301,228000179,123000331,1001,건영아파트
1000002301,228000179,123000515,1001,문정역
1000002301,228000179,123000273,1001,중앙전파관리소
1000002301,228000179,123000272,1001,가락시장
1000002301,228000179,123000045,1001,잠실역
1000001453,234000315,100000088,9001,종로2가사거리
1000000048,222000048,222000276,166-1,와부읍사무소
1000000048,222000048,222000762,166-1,주공3단지
1000000048,222000048,222000862,166-1,평구마을
1000000048,222000048,222000353,166-1,역촌마을
1000000048,222000048,222000352,166-1,삼패동
1000000048,222000048,222000351,166-1,돌루께마을
1000000048,222000048,222000350,166-1,양정역
1000000048,222000048,222000349,166-1,이패방앗간
1000000048,222000048,222000348,166-1,왕자궁마을
1000000048,222000048,222000347,166-1,명우리부락
1000000048,222000048,222000346,166-1,씨트리입구.씨트리제약회사
1000000048,222000048,222000345,166-1,남양주경찰서.제2종합청사
1000000048,222000048,222000344,166-1,지금동사무소
1000000048,222000048,222000343,166-1,양정초등학교
1000000048,222000048,222000341,166-1,도농역
1000000048,222000048,222000340,166-1,도농주유소
1000000048,222000048,222000339,166-1,빙그레입구
1000000048,222000048,221000119,166-1,구리역.GS스퀘어백화점
1000000048,222000048,221000063,166-1,돌다리
1000000048,222000048,221000062,166-1,구리한양대병원
1000000048,222000048,221000162,166-1,교문사거리
1000000048,222000048,221000161,166-1,딸기원
1000000048,222000048,221000160,166-1,남일주유소
1000000048,222000048,221000159,166-1,남일주유소.딸기원입구
1000000048,222000048,221000158,166-1,딸기원
1000000048,222000048,221000157,166-1,교문사거리
1000000048,222000048,221000061,166-1,중앙예식장.한양대병원
1000000048,222000048,221000116,166-1,돌다리.구리시장
1000000048,222000048,221000115,166-1,GS백화점.구리역
1000000048,222000048,222000373,166-1,빙그레입구
1000000048,222000048,222000372,166-1,도농육교.도농주유소
1000000048,222000048,222000371,166-1,도농역.동화중고교
1000000048,222000048,222000370,166-1,양정초등학교
1000000048,222000048,222000369,166-1,지금동사무소
1000000048,222000048,222000368,166-1,남양주제2종합청사.경찰서
1000000048,222000048,222000367,166-1,씨트리입구.씨트리제약회사
1000002301,228000179,206000272,1001,미금역
1000002301,228000179,206000094,1001,까치마을
1000002301,228000179,206000216,1001,하얀마을
1000002053,215000012,215000059,53-1,구동현파출소
1000002053,215000012,215000058,53-1,보영여중고.은성교회
1000002053,215000012,215000057,53-1,보산역.새마을금고앞
1000002053,215000012,215000056,53-1,미2사단정문앞
1000002053,215000012,215000055,53-1,북보산
1000002053,215000012,215000054,53-1,동보초교.미2사단후문
1000002053,215000012,215000053,53-1,동두천역
1000002053,215000012,215000052,53-1,오렌지마트.안창말입구
1000002053,215000012,215000051,53-1,창말
1000002053,215000012,215000050,53-1,원각사
1000002053,215000012,215000049,53-1,지방산업단지앞
1000002053,215000012,215000048,53-1,성보주택
1000002053,215000012,215000047,53-1,소요산역앞
1000002053,215000012,215000069,53-1,상봉암동
1000002053,215000012,215000073,53-1,하봉암동
1000002053,215000012,215000072,53-1,부대앞
1000002053,215000012,215000068,53-1,안말입구
1000002053,215000012,215000071,53-1,마니커앞
1000002053,215000012,215000173,53-1,초성1리.약수터
1000002053,215000012,238000262,53-1,초성리역
1000002053,215000012,238000261,53-1,초성공업사
1000002053,215000012,238000260,53-1,초성2리.부대앞
1000002053,215000012,238000259,53-1,초성검문소
1000002053,215000012,238000022,53-1,학담입구
1000002053,215000012,238000258,53-1,초성2리.매립장입구
1000002053,215000012,238000257,53-1,한탄강유원지입구
1000002053,215000012,238000021,53-1,사랑동삼거리
1000002053,215000012,238000020,53-1,백병원.예일세띠앙
1000002053,215000012,238000256,53-1,화원.전곡중앙교회
1000002053,215000012,238000255,53-1,전곡전화국
1000002053,215000012,238000254,53-1,전곡역앞.농협
1000002053,215000012,238000192,53-1,전곡터미널종점
1000002053,215000012,238000271,53-1,전곡역앞.농협
1000002053,215000012,238000270,53-1,전곡전화국
1000002053,215000012,238000269,53-1,화원.전곡중앙교회
1000002053,215000012,238000019,53-1,백병원.예일세띠앙
1000002053,215000012,238000277,53-1,사랑동삼거리
1000002053,215000012,238000268,53-1,한탄강유원지입구
1000002053,215000012,238000267,53-1,초성2리.매립장입구
1000002053,215000012,238000266,53-1,초성2리.학담입구
1000002053,215000012,238000265,53-1,초성검문소
1000001757,228000238,228001552,20,용인터미널
1000001757,228000238,228000320,20,술막다리
1000001757,228000238,228000319,20,해동산업앞
1000001757,228000238,228000318,20,서울상회.무수막
1000001757,228000238,228000317,20,유림동주민센터
1000001757,228000238,228000316,20,버드실입구
1000001757,228000238,228000315,20,방축동
1000001757,228000238,228000314,20,화훼단지앞
1000001757,228000238,228001149,20,수포교
1000001757,228000238,228000313,20,인정멜로디아파트
1000001757,228000238,228001150,20,신원아파트
1000001757,228000238,228001152,20,둔전농협앞
1000001757,228000238,228001154,20,55사단앞
1000001757,228000238,228001156,20,대륙앞
1000001757,228000238,228001345,20,포곡읍사무소
1000001757,228000238,228000312,20,포곡농협
1000001757,228000238,228000311,20,포곡우체국
1000001757,228000238,228000310,20,재원아파트
1000001757,228000238,228001426,20,삼계리
1000001757,228000238,228000308,20,도사마을
1000002854,215000013,235000648,53-5,진흥마트
1000000048,222000048,222000366,166-1,명우리
1000000048,222000048,222000365,166-1,왕자궁마을
1000000048,222000048,222000364,166-1,이패방앗간
1000000048,222000048,222000363,166-1,마산마을.양정역
1000000048,222000048,222000362,166-1,돌루께마을
1000000048,222000048,222000361,166-1,삼패동
1000000048,222000048,222000360,166-1,역촌마을
1000002053,215000012,215000074,53-1,하봉암동
1000002053,215000012,215000066,53-1,상봉암동
1000002053,215000012,215000062,53-1,소요산역
1000002053,215000012,215000061,53-1,성보주택
1000002053,215000012,215000060,53-1,지방산업단지앞
1000002053,215000012,215000145,53-1,원각사입구
1000002053,215000012,215000144,53-1,창말
1000002053,215000012,215000034,53-1,오렌지마트.안창말입구
1000002053,215000012,215000033,53-1,동두천역앞
1000002053,215000012,215000032,53-1,동보초교.미2사단후문
1000002053,215000012,215000031,53-1,북보산
1000002053,215000012,215000030,53-1,미2사단정문
1000002053,215000012,215000029,53-1,보산역앞.새마을금고
1000002053,215000012,215000028,53-1,보영여중고.은성교회
1000002053,215000012,215000027,53-1,구동연파출소
1000002053,215000012,215000026,53-1,문화극장앞
1000002053,215000012,215000025,53-1,서울병원사거리.중앙시장
1000002053,215000012,215000024,53-1,구버스터미널
1000002053,215000012,215000023,53-1,큰시장
1000002053,215000012,215000046,53-1,동두천중앙역
1000002053,215000012,215000045,53-1,생골사거리
1000002053,215000012,215000044,53-1,대원빌라
1000002053,215000012,215000043,53-1,현대아파트
1000002053,215000012,215000070,53-1,지행역앞
1000002053,215000012,215000170,53-1,송내주공2단지
1000002053,215000012,215000171,53-1,주공4단지
1000002053,215000012,215000017,53-1,송내주공5단지
1000002053,215000012,215000016,53-1,송내주공5단지.송내광장
1000002053,215000012,215000172,53-1,송내동
1000002053,215000012,215000015,53-1,송내상회앞
1000002053,215000012,215000156,53-1,아차노리입구
1000002053,215000012,215000014,53-1,송내삼거리
1000002053,215000012,235000700,53-1,봉양사거리
1000002053,215000012,235000035,53-1,사귀부대
1000002053,215000012,235000159,53-1,용암리
1000002053,215000012,235000119,53-1,덕정사거리
1000002053,215000012,235000118,53-1,진흥마트
1000002053,215000012,235000117,53-1,덕정역
1000002053,215000012,235000116,53-1,한국아파트입구
1000002053,215000012,235000067,53-1,주공5단지
1000002053,215000012,235000066,53-1,회천3동사무소
1000002053,215000012,235000065,53-1,주공2단지
1000002053,215000012,235000840,53-1,주공3단지
1000002053,215000012,235000064,53-1,주공4단지.회천초교후문
1000002053,215000012,235000059,53-1,회천초교정문
1000002053,215000012,235000058,53-1,휴먼시아(주공7단지)
1000002053,215000012,235000056,53-1,휴먼시아(주공7단지)
1000002301,228000179,228000159,1001,초당마을(주공아파트)
1000002413,223000057,233000702,72,병점역사거리
1000002413,223000057,233000100,72,홈에버앞
1000002413,223000057,233001620,72,한신아파트
1000002413,223000057,233001229,72,우남아파트
1000002413,223000057,233001688,72,우남2차아파트
1000002413,223000057,233001691,72,신일두산아파트
1000002413,223000057,233001693,72,모아미래도아파트
1000002413,223000057,233001695,72,우림필유아파트
1000002413,223000057,233001644,72,동탄교회
1000002413,223000057,233001697,72,주공6단지
1000002413,223000057,233001700,72,주공5단지
1000002413,223000057,233001703,72,반송초등학교
1000002854,215000013,238000265,53-5,초성검문소
1000002854,215000013,238000023,53-5,초성2리.부대앞
1000002854,215000013,238000264,53-5,초성공업사
1000002854,215000013,238000263,53-5,초성리역
1000002854,215000013,215000174,53-5,초성1리약수터
1000002854,215000013,215000076,53-5,마니커앞
1000002854,215000013,215000067,53-5,승전교입구
1000002854,215000013,215000075,53-5,부대앞
1000002854,215000013,215000074,53-5,하봉암동
1000002854,215000013,215000066,53-5,상봉암동
1000002854,215000013,215000062,53-5,소요산
1000002854,215000013,215000061,53-5,성보주택
1000002854,215000013,215000060,53-5,정화농원앞.지방산업단지앞
1000002854,215000013,215000145,53-5,원각사
1000002854,215000013,215000144,53-5,창말
1000002854,215000013,215000034,53-5,오렌지마트
1000002854,215000013,215000033,53-5,동두천역앞
1000002854,215000013,215000032,53-5,동보초교입구
1000002854,215000013,215000031,53-5,북보산
1000002854,215000013,215000030,53-5,미2사단정문
1000002854,215000013,215000029,53-5,보산역앞
1000002854,215000013,215000028,53-5,보영여중.고
1000002854,215000013,215000027,53-5,(구)동연파출소
1000002854,215000013,215000026,53-5,문화극장앞
1000002854,215000013,215000025,53-5,서울병원사거리
1000002854,215000013,215000024,53-5,(구)버스터미널앞
1000002854,215000013,215000023,53-5,공설시장앞
1000002854,215000013,215000022,53-5,국민건강보험공단
1000002854,215000013,215000021,53-5,보건소앞
1000002854,215000013,215000020,53-5,현진아파트
1000002854,215000013,215000019,53-5,송내주공2단지앞
1000002854,215000013,215000018,53-5,주공3.4단지
1000002854,215000013,215000017,53-5,주공5단지
1000002854,215000013,215000016,53-5,주공5단지
1000002854,215000013,215000172,53-5,송내동
1000002854,215000013,215000015,53-5,송내상회앞
1000002854,215000013,215000156,53-5,아차노리입구
1000002854,215000013,215000014,53-5,송내삼거리
1000002854,215000013,235000700,53-5,봉양사거리
1000002854,215000013,235000035,53-5,사귀부대
1000002854,215000013,235000159,53-5,용암리
1000002854,215000013,235000119,53-5,덕정사거리
1000002854,215000013,235000118,53-5,진흥마트
1000002854,215000013,235000117,53-5,덕정역
1000002854,215000013,235000116,53-5,한국아파트입구
1000002267,229000037,219000279,151,덕이초등학교
1000002267,229000037,219000278,151,송산3동
1000002267,229000037,219000267,151,백송
1000002267,229000037,219000265,151,중앙하이츠빌아파트
1000002267,229000037,219000264,151,덕이동문1차아파트
1000002267,229000037,229001095,151,삽다리사거리
1000002267,229000037,229000868,151,벽산아파트
1000002267,229000037,229000867,151,경기인력개발원
1000002267,229000037,229000865,151,목동삼거리
1000002267,229000037,229000933,151,월드1차
1000002267,229000037,229000932,151,월드1차아파트
1000002267,229000037,229000931,151,청암초교
1000002267,229000037,229000930,151,청암초교
1000002267,229000037,229000929,151,출판물류단지
1000002267,229000037,229000928,151,제일여객터미널
1000002854,215000013,235000906,53-5,주공7단지
1000002854,215000013,235000063,53-5,회천초교
1000002854,215000013,235000062,53-5,주공3단지
1000002854,215000013,235000061,53-5,주공2단지
1000002854,215000013,235000073,53-5,주공1단지
1000002854,215000013,235000072,53-5,주공5단지
1000002854,215000013,235000134,53-5,썬마트앞
1000002854,215000013,235000133,53-5,덕정역
1000002456,228000193,228000776,82-2,명지대앞
1000002854,215000013,235000161,53-5,덕정사거리
1000002854,215000013,235000160,53-5,용암2리
1000002854,215000013,235000038,53-5,사귀부대앞
1000002854,215000013,235000701,53-5,봉양1통
1000002854,215000013,215000013,53-5,송내삼거리
1000002854,215000013,215000155,53-5,아차노리입구
1000002854,215000013,215000012,53-5,송내상회앞
1000002854,215000013,215000011,53-5,주공5단지
1000002854,215000013,215000010,53-5,주공5단지
1000002854,215000013,215000009,53-5,주공3.4단지
1000002854,215000013,215000008,53-5,송내주공2단지앞
1000002854,215000013,215000007,53-5,현진아파트
1000002854,215000013,215000006,53-5,보건소앞
1000002854,215000013,215000005,53-5,국민건강보험공단
1000002854,215000013,215000004,53-5,공설시장앞
1000002854,215000013,215000003,53-5,구)버스터미널앞
1000002854,215000013,215000002,53-5,서울병원사거리
1000002854,215000013,215000001,53-5,문화극장앞
1000002854,215000013,215000059,53-5,구)동연파출소
1000002854,215000013,215000058,53-5,보영여중.고
1000002854,215000013,215000057,53-5,새마을금고앞
1000002854,215000013,215000056,53-5,미2사단정문
1000002854,215000013,215000055,53-5,북보산
1000002854,215000013,215000054,53-5,동보초등학교입구
1000002854,215000013,215000053,53-5,동두천역앞
1000002854,215000013,215000052,53-5,오렌지마트
1000002854,215000013,215000051,53-5,창말
1000002854,215000013,215000050,53-5,원각사
1000002854,215000013,215000049,53-5,지방산업단지앞
1000002854,215000013,215000048,53-5,성보주택
1000002854,215000013,215000047,53-5,소요산역앞
1000002854,215000013,215000069,53-5,상봉암동
1000002854,215000013,215000073,53-5,하봉암동
1000002854,215000013,215000072,53-5,부대앞
1000002854,215000013,215000068,53-5,안말입구
1000002854,215000013,215000071,53-5,마니커앞
1000002854,215000013,215000173,53-5,초성1리
1000002854,215000013,238000262,53-5,초성1리
1000002854,215000013,238000261,53-5,초성공업사
1000002854,215000013,238000260,53-5,초성2리(조촌동)
1000002854,215000013,238000259,53-5,검문소
1000002854,215000013,238000022,53-5,학담입구
1000002854,215000013,238000258,53-5,초성2리
1000002854,215000013,238000257,53-5,한탄강역
1000002854,215000013,238000021,53-5,사랑동삼거리
1000002854,215000013,238000020,53-5,백병원.예일세띠앙
1000002854,215000013,238000256,53-5,화원.전곡중앙교회
1000002854,215000013,238000255,53-5,전곡전화국
1000002854,215000013,238000254,53-5,전곡역앞.농협
1000002854,215000013,238000205,53-5,전곡터미널
1000002854,215000013,238000192,53-5,전곡터미널
1000002854,215000013,238000271,53-5,전곡역앞.농협
1000002854,215000013,238000270,53-5,전곡전화국
1000002854,215000013,238000269,53-5,화원.전곡중앙교회
1000002854,215000013,238000019,53-5,백병원.예일세띠앙
1000002854,215000013,238000277,53-5,사랑동삼거리
1000002854,215000013,238000268,53-5,한탄강역
1000002854,215000013,238000267,53-5,초성2리.매립장입구
1000002854,215000013,238000266,53-5,초성2리(학담)
1000002301,228000179,228000176,1001,초당마을(주공아파트)
1000002301,228000179,228000175,1001,초당초등학교
1000002301,228000179,228000174,1001,초당중학교
1000002301,228000179,228000173,1001,어은목마을(코아루아파트)
1000002301,228000179,228000172,1001,동백역(성산마을)
1000002301,228000179,228000171,1001,성산마을(삼성타워)
1000002301,228000179,228000170,1001,쥬네브
1000002301,228000179,228000169,1001,동백소방서(동일하이빌.소방서)
1000002301,228000179,228000168,1001,동백고등학교
1000002301,228000179,228000148,1001,동백중학교
1000002301,228000179,228000147,1001,동막초등학교
1000002301,228000179,228000157,1001,호수마을(자연앤데시앙)
1000002301,228000179,228000155,1001,동백이마트
1000002301,228000179,228001321,1001,어정삼거리.현대아이파크
1000002301,228000179,228000844,1001,어정마을
1000002301,228000179,228000843,1001,신촌마을앞
1000002301,228000179,228000842,1001,광도와이드빌
1000002301,228000179,228001716,1001,법무연수원
1000002301,228000179,228000840,1001,신일아파트앞
1000002301,228000179,228000839,1001,경찰대학교사거리
1000002301,228000179,228000838,1001,동부아파트앞
1000002301,228000179,228000837,1001,동일하이빌.동부센트레빌.삼성레미안
1000002301,228000179,228001322,1001,구성동주민센터
1000002301,228000179,228001323,1001,구성초등학교
1000002301,228000179,228001324,1001,구성초등학교
1000002301,228000179,228001185,1001,구성삼거리앞
1000002301,228000179,228001094,1001,한전기술(삼거동)
1000002301,228000179,228001093,1001,연원마을
1000002301,228000179,228001092,1001,성원아파트.금호베스트빌
1000002301,228000179,228001091,1001,이마트
1000002301,228000179,228001090,1001,신촌마을2단지
1000002301,228000179,228001089,1001,보정고등학교
1000002301,228000179,228001088,1001,휴먼센터
1000002301,228000179,228001087,1001,죽현마을
1000002301,228000179,228001086,1001,동성2차아파트
1000002301,228000179,228001085,1001,동성아파트
1000002301,228000179,228001084,1001,대현죽전초등학교
1000002301,228000179,206000251,1001,농수산물센타
1000002301,228000179,206000040,1001,오리역
1000002301,228000179,206000219,1001,하얀마을
1000002301,228000179,206000088,1001,까치마을
1000002301,228000179,206000267,1001,미금역(현대벤처빌)
1000002301,228000179,206000328,1001,대원사거리.까치마을
1000002301,228000179,206000327,1001,한국토지공사
1000002301,228000179,206000326,1001,계원예고
1000002301,228000179,206000325,1001,한진아파트
1000002301,228000179,206000324,1001,정자동주민센터
1000002301,228000179,206000323,1001,주공7단지
1000002301,228000179,206000322,1001,파크타운
1000002301,228000179,206000321,1001,샛별마을
1000002301,228000179,206000320,1001,샛별마을라이프
1000002301,228000179,206000319,1001,효자촌.주영빌딩
1000002301,228000179,206000318,1001,서현중학교
1000002301,228000179,206000317,1001,연수원입구
1000002301,228000179,206000316,1001,이매촌한신
1000002301,228000179,123000060,1001,장지역1번출구
1000002301,228000179,123000014,1001,일신여상.잠실여고
1000002174,200000143,200000017,13-3,상광교종점
1000002174,200000143,200000016,13-3,새마을주택앞
1000002174,200000143,200000015,13-3,상광교마을회관
1000002174,200000143,200000014,13-3,상광교신다리
1000002174,200000143,200000013,13-3,용머리다리앞
1000002174,200000143,200000012,13-3,용머리
1000002174,200000143,200000011,13-3,하광교느티나무
1000002174,200000143,200000010,13-3,하광교
1000001472,222000015,222000543,73,현창마을
1000001472,222000015,222000542,73,풍양초등학교
1000001472,222000015,222000541,73,대궐터.내각리
1000001472,222000015,222000540,73,내각농협
1000001472,222000015,222000539,73,내동마을.한신아파트
1000001472,222000015,222000535,73,봉현마을.주공아파트
1000001472,222000015,222000534,73,장현초등학교.대명아파트
1000001472,222000015,222000638,73,진접농협
1000002301,228000179,123000245,1001,문정동훼미리아파트
1000002301,228000179,123000247,1001,장지동건영아파트
1000002174,200000143,201000173,13-3,구운동사무소
1000002174,200000143,201000172,13-3,탑동삼성아파트
1000002174,200000143,201000171,13-3,구운중학교
1000002174,200000143,201000033,13-3,진흥청
1000002174,200000143,201000272,13-3,수원역(북측)
1000002174,200000143,201000292,13-3,매산시장
1000002174,200000143,201000291,13-3,수원세무서
1000002174,200000143,201000290,13-3,수원향교
1000002174,200000143,201000270,13-3,이춘택병원
1000002174,200000143,202000022,13-3,팔달문
1000002174,200000143,200000206,13-3,화성행궁
1000002174,200000143,200000205,13-3,북수동
1000002174,200000143,200000166,13-3,장안문
1000002174,200000143,200000144,13-3,교육청사거리
1000002174,200000143,200000143,13-3,수원농생명과학고
1000002174,200000143,200000142,13-3,수원북중학교
1000002174,200000143,200000141,13-3,보훈교육원
1000002174,200000143,200000182,13-3,보훈원
1000001453,234000315,100000097,9001,종로2가
1000001453,234000315,100000169,9001,조계사.인사동
1000001453,234000315,101000128,9001,삼성프라자
1000001453,234000315,101000026,9001,숭례문
1000001453,234000315,101000001,9001,중앙극장.백병원
1000001453,234000315,102000071,9001,단국대
1000001999,219000002,111000001,77-2,덕은교.은평공영차고지
1000001999,219000002,111000003,77-2,수색교
1000001999,219000002,111000005,77-2,수색기차역.수색소방서
1000001999,219000002,111000007,77-2,수색전철역
1000001999,219000002,112000001,77-2,북가좌동삼거리
1000001999,219000002,112000003,77-2,북가좌요진아파트
1000001999,219000002,112000005,77-2,가좌역.모래내시장
1000001999,219000002,112000007,77-2,사천교
1000001999,219000002,112000027,77-2,구성산회관.연희104고지
1000001999,219000002,112000029,77-2,서대문우체국
1000001472,222000015,222000533,73,진접지구대앞
1000001472,222000015,222000532,73,청화빌라
1000001472,222000015,222000531,73,금곡리입구.신동아아파트
1000001472,222000015,222000561,73,정광아파트
1000001472,222000015,222000560,73,장승초등학교
1000001472,222000015,222000559,73,장승마을
1000001472,222000015,222000639,73,신광마을입구
1000001472,222000015,222000138,73,신한미아파트
1000001472,222000015,222000137,73,광천마을
1000001472,222000015,222001065,73,마명리입구
1000001472,222000015,222000136,73,신촌
1000001472,222000015,222000630,73,광릉내종점
1000001463,234000026,206000099,720-2,중앙공원
1000001463,234000026,206000025,720-2,중앙공원.양지마을청구아파트
1000001463,234000026,206000217,720-2,중앙공원
1000001463,234000026,206000244,720-2,금산프라자
1000001463,234000026,206000224,720-2,한솔초등학교
1000001463,234000026,206000243,720-2,한솔주공5단지
1000001463,234000026,206000242,720-2,신화아파트앞
1000001463,234000026,206000223,720-2,한진8단지
1000001463,234000026,206000043,720-2,이마트앞
1000001463,234000026,206000178,720-2,한국가스공사
1000001463,234000026,206000177,720-2,청솔주공9단지.대원사거리
1000001463,234000026,206000272,720-2,미금역
1000001463,234000026,206000094,720-2,까치마을
1000001463,234000026,206000216,720-2,하얀마을
1000001463,234000026,206000215,720-2,오리역
1000002453,228000198,228001552,81-1,용인터미널(출구)
1000002453,228000198,228000320,81-1,술막다리
1000002453,228000198,228000418,81-1,공설운동장
1000002453,228000198,228001543,81-1,용마초교
1000002453,228000198,228000439,81-1,서울병원
1000002453,228000198,228000438,81-1,정보산업고교
1000002453,228000198,228000437,81-1,고림동훌랄라
1000002453,228000198,228001544,81-1,쌍용자동차
1000002453,228000198,228001753,81-1,GS주유소
1000002453,228000198,228000266,81-1,인정피렌체
1000002453,228000198,228001296,81-1,용샘주유소
1000002453,228000198,228000275,81-1,임원
1000002453,228000198,228001571,81-1,주북리
1000002453,228000198,228001752,81-1,주북2리
1000002453,228000198,228000265,81-1,주북리
1000002453,228000198,228000264,81-1,진성주유소앞
1000002453,228000198,228000263,81-1,주북1리
1000002453,228000198,228000262,81-1,주북1리
1000002453,228000198,228001749,81-1,약수가든
1000002453,228000198,228001748,81-1,배실
1000002453,228000198,228000260,81-1,약수가든
1000002453,228000198,228000259,81-1,주북1리
1000002453,228000198,228001750,81-1,주북1리
1000002453,228000198,228000257,81-1,진성주유소
1000002453,228000198,228000256,81-1,주북리
1000002453,228000198,228001751,81-1,주북2리
1000002453,228000198,228001577,81-1,주북리
1000002453,228000198,228000270,81-1,임원
1000002453,228000198,228001298,81-1,용샘주유소
1000002453,228000198,228000267,81-1,인정피렌체
1000002453,228000198,228001754,81-1,GS주유소
1000002453,228000198,228001550,81-1,쌍용정비소
1000002453,228000198,228000436,81-1,고림동훌랄라
1000002453,228000198,228000435,81-1,정보산업고교
1000002453,228000198,228000434,81-1,서울병원
1000002453,228000198,228001551,81-1,용마초교
1000002453,228000198,228000427,81-1,운동장
1000002453,228000198,228000321,81-1,술막다리
1000002453,228000198,228000449,81-1,시장약국
1000002453,228000198,228000448,81-1,용인농협앞
1000002453,228000198,228000447,81-1,중앙파출소
1000002453,228000198,228000749,81-1,삼환기업(산림조합앞)
1000002453,228000198,228000748,81-1,명지대앞
1000002453,228000198,228000747,81-1,등기소앞
1000002453,228000198,228000746,81-1,역말마을
1000002900,222000069,222000136,8,신촌
1000002900,222000069,222000630,8,광릉내종점
1000001463,234000026,233000576,720-2,수원대
1000001463,234000026,233000945,720-2,와우2리
1000001463,234000026,233001457,720-2,와우농협앞
1000001463,234000026,233000596,720-2,평생플러스빌아파트.신일해피트리아파트
1000001463,234000026,233000595,720-2,우림그린빌리지
1000001463,234000026,233000594,720-2,광도와이드빌리지
1000001463,234000026,233000002,720-2,한국농업대학
1000001463,234000026,201000260,720-2,축산과학원
1000001463,234000026,233000001,720-2,수영사거리
1000001463,234000026,201000153,720-2,오목초등학교
1000002414,223000058,233000702,73,병점역사거리
1000002414,223000058,233000100,73,홈에버앞
1000002414,223000058,233100495,73,한신아파트
1000002414,223000058,233001663,73,병점고등학교
1000002414,223000058,233000087,73,주공4단지앞
1000002414,223000058,233000086,73,신창미션힐2차
1000002414,223000058,233001664,73,신미주아파트
1000002414,223000058,233001666,73,모아미래도아파트
1000002414,223000058,233001669,73,모아미래도아파트
1000002414,223000058,233001670,73,동탄자연엔아너스빌
1000002414,223000058,233001672,73,미즈파크병원앞
1000002414,223000058,233001674,73,센트럴파크
1000002414,223000058,233001676,73,금호아파트
1000002414,223000058,233001678,73,메타폴리스
1000002414,223000058,233001679,73,동탄동사무소
1000002414,223000058,233001680,73,예당마을
1000002414,223000058,233001681,73,신일유토빌아파트
1000002414,223000058,233001682,73,푸르지오아파트
1000002414,223000058,233001683,73,이마트앞
1000002414,223000058,233001684,73,예당마을
1000002414,223000058,233001216,73,한빛마을
1000002414,223000058,233001677,73,한화꿈에그린아파트
1000002414,223000058,233100347,73,하나로프라자
1000002414,223000058,233001673,73,미즈파크병원
1000002414,223000058,233001671,73,자연엔아너스빌아파트
1000002414,223000058,233001668,73,모아미래도아파트
1000002414,223000058,233001667,73,자연엔경남아너스빌
1000002414,223000058,233001665,73,신미주아파트
1000002414,223000058,233001685,73,신창미션힐2차
1000002414,223000058,233001686,73,주공4단지
1000002414,223000058,233000080,73,주공4단지앞
1000002414,223000058,233001662,73,병점고등학교
1000002414,223000058,233100349,73,신창미션힐
1000002414,223000058,233000101,73,신창미션힐1차
1000002414,223000058,233000702,73,병점역사거리
1000001463,234000026,201000152,720-2,청구1차아파트
1000001463,234000026,201000348,720-2,고색산업단지
1000001463,234000026,201000350,720-2,우림필유
1000001463,234000026,201000126,720-2,태산아파트
1000001463,234000026,201000125,720-2,권선구청입구
1000001463,234000026,201000136,720-2,우방아파트
1000001463,234000026,201000135,720-2,탑골1길
1000001463,234000026,201000134,720-2,탑동사거리
1000001463,234000026,201000133,720-2,푸른지대
1000001463,234000026,201000132,720-2,농촌자원개발연구소
1000001463,234000026,201000131,720-2,서호중학교
1000001463,234000026,201000257,720-2,서호초등학교
1000001463,234000026,201000264,720-2,뉴타운센트라우스
1000001463,234000026,201000272,720-2,수원역
1000002174,200000143,200000008,13-3,문암골
1000002174,200000143,200000007,13-3,광교산입구
1000002174,200000143,200000006,13-3,광교공원
1000002174,200000143,200000140,13-3,보훈원
1000002174,200000143,200000181,13-3,보훈교육원
1000002174,200000143,200000180,13-3,수원보훈지청
1000002174,200000143,200000179,13-3,수원북중학교
1000002174,200000143,200000178,13-3,LIG인재니움
1000002174,200000143,200000177,13-3,장안문
1000002174,200000143,200000232,13-3,장안동
1000002174,200000143,200000231,13-3,화성행궁
1000002174,200000143,202000047,13-3,팔달문(하행)
1000002174,200000143,201000295,13-3,이춘택병원
1000002174,200000143,201000294,13-3,수원향교
1000002174,200000143,201000293,13-3,수원세무서
1000002174,200000143,201000299,13-3,수원역(상행)
1000002174,200000143,201000032,13-3,농촌진흥청
1000002174,200000143,201000253,13-3,구운중학교
1000002174,200000143,201000252,13-3,하구운마을
1000002174,200000143,201000251,13-3,구운동사무소
1000002174,200000143,201000101,13-3,칠보입구
1000002174,200000143,201000322,13-3,강남아파트
1000002174,200000143,201000147,13-3,삼익3차아파트
1000002174,200000143,201000100,13-3,조산마을
1000002174,200000143,201000099,13-3,칠보중학교
1000002174,200000143,201000180,13-3,LG아파트
1000002174,200000143,201000179,13-3,LG빌리지
1000002174,200000143,201000098,13-3,축산위생연구소
1000002174,200000143,201000097,13-3,자목마을
1000002174,200000143,201000096,13-3,쌍용아파트
1000002174,200000143,201000095,13-3,신미주아파트
1000002174,200000143,201000094,13-3,칠보초교
1000002174,200000143,201000093,13-3,삼익아파트
1000002454,228000200,228001754,81-2,GS주유소
1000002454,228000200,228001550,81-2,쌍용정비소
1000002454,228000200,228000436,81-2,고림동훌랄라
1000002454,228000200,228000435,81-2,정보산업고교
1000002454,228000200,228000434,81-2,서울병원
1000002454,228000200,228001551,81-2,용마초교
1000002454,228000200,228000427,81-2,운동장
1000002454,228000200,228000321,81-2,술막다리
1000002454,228000200,228000449,81-2,시장약국
1000002454,228000200,228000448,81-2,용인농협앞
1000002454,228000200,228000447,81-2,중앙파출소
1000002454,228000200,228000749,81-2,삼환기업(산림조합앞)
1000002454,228000200,228000748,81-2,명지대앞
1000002454,228000200,228000747,81-2,등기소앞
1000002454,228000200,228000746,81-2,역말마을
1000002854,215000013,235000067,53-5,주공5단지
1000002854,215000013,235000066,53-5,회천3동사무소
1000002854,215000013,235000065,53-5,주공2단지
1000002854,215000013,235000840,53-5,주공3단지
1000002854,215000013,235000064,53-5,주공4단지
1000002854,215000013,235000059,53-5,회천초등학교
1000002854,215000013,235000058,53-5,휴먼시아(주공7단지)
1000002854,215000013,235000056,53-5,휴먼시아(주공7단지)
1000002413,223000057,233001296,72,메디컬센터
1000002413,223000057,233001702,72,반송초등학교
1000002413,223000057,233001701,72,주공6단지
1000002413,223000057,233001699,72,주공5단지
1000002413,223000057,233001698,72,주공5단지
1000002413,223000057,233001283,72,동탄교회
1000002413,223000057,233001696,72,풍성신미주아파트
1000002413,223000057,233001694,72,기산초교입구
1000002413,223000057,233001692,72,모아미래도아파트
1000002413,223000057,233001690,72,두산위브아파트
1000002413,223000057,233001689,72,신광교회
1000002413,223000057,233000068,72,우남아파트
1000002413,223000057,233001708,72,신나는교회앞
1000002413,223000057,233001622,72,신창미션힐
1000002413,223000057,233000101,72,신창미션힐1차
1000002267,229000037,229000927,151,제일여객터미널
1000002267,229000037,229000926,151,출판물류단지
1000002267,229000037,229000925,151,월드2차
1000002267,229000037,229000924,151,청암초교
1000002267,229000037,229000923,151,월드1차아파트
1000002267,229000037,229000922,151,월드1차
1000002267,229000037,229000918,151,목동삼거리
1000002267,229000037,229000916,151,경기인력개발원
1000002267,229000037,229000915,151,벽산아파트
1000002267,229000037,229000863,151,삽다리사거리
1000002267,229000037,219000273,151,덕이동문1차아파트
1000002267,229000037,219000272,151,중앙하이츠빌아파트
1000002267,229000037,219000271,151,만자고개
1000002267,229000037,219000270,151,백송
1000002267,229000037,219000391,151,송산3동
1000002267,229000037,219000390,151,덕이초등학교
1000002267,229000037,219000269,151,송산2동
1000002267,229000037,219000133,151,농수산물도매센타
1000002267,229000037,219000132,151,예비군훈련장
1000002267,229000037,219000366,151,대화역
1000002267,229000037,219000365,151,일산백병원
1000002267,229000037,219000364,151,문촌마을
1000002267,229000037,219000363,151,주엽역
1000002267,229000037,219000192,151,강선마을
1000002267,229000037,219000131,151,일산경찰서
1000002267,229000037,219000356,151,일산동구청
1000002267,229000037,219000370,151,마두역
1000002267,229000037,219000452,151,호수마을
1000002267,229000037,219000454,151,알미공원
1000002267,229000037,219000368,151,백석역
1000002267,229000037,219000385,151,백석역
1000002267,229000037,219000453,151,흰돌마을
1000002267,229000037,219000383,151,마두역
1000002267,229000037,219000191,151,일산동구청
1000002267,229000037,219000130,151,일산경찰서
1000002267,229000037,219000190,151,강선마을
1000002267,229000037,219000189,151,주엽역
1000002267,229000037,219000129,151,문촌마을
1000002267,229000037,219000128,151,일산백병원
1000002267,229000037,219000193,151,대화역
1000002267,229000037,219000127,151,예비군훈련장
1000002267,229000037,219000126,151,농수산물도매센타
1000002267,229000037,219000268,151,송산2동
1000002900,222000069,222000538,8,내각농협.원일아파트
1000002900,222000069,222000537,8,대궐터
1000002900,222000069,222000536,8,풍양초등학교
1000002900,222000069,222000548,8,현창마을.자연사박물관앞
1000002900,222000069,222000923,8,밤섬유원지
1000002900,222000069,222000547,8,동촌마을
1000002900,222000069,222000546,8,원내곡
1000002900,222000069,222001061,8,영서마을
1000002900,222000069,222000544,8,전도치마을
1000002900,222000069,222000673,8,임송
1000002900,222000069,222000573,8,뱅이삼거리
1000002900,222000069,222000572,8,뱅이마루터.주공아파트
1000002900,222000069,222000571,8,관사앞
1000002900,222000069,222000570,8,퇴계원초등학교
1000002900,222000069,222000569,8,퇴계원농협앞
1000002900,222000069,222000568,8,극동아파트.세란병원
1000002456,228000193,228001552,82-2,용인터미널(출구)
1000002456,228000193,228000320,82-2,술막다리
1000002456,228000193,228000418,82-2,공설운동장
1000002456,228000193,228001543,82-2,용마초교
1000002456,228000193,228000439,82-2,서울병원
1000002456,228000193,228000438,82-2,정보산업고교
1000002456,228000193,228000437,82-2,고림동훌랄라
1000002456,228000193,228001544,82-2,쌍용정비소
1000002456,228000193,228001753,82-2,GS주유소
1000002456,228000193,228000266,82-2,인정피렌체
1000002456,228000193,228001296,82-2,용샘주유소
1000002456,228000193,228000275,82-2,임원
1000002456,228000193,228000274,82-2,코아르아파트앞
1000002456,228000193,228000272,82-2,코아루아파트
1000002456,228000193,228000255,82-2,주북3리
1000002456,228000193,228000254,82-2,주북3리가장부락
1000002456,228000193,228000253,82-2,하리
1000002456,228000193,228000252,82-2,대대리
1000002456,228000193,228000251,82-2,대대리
1000002456,228000193,228000250,82-2,대대리
1000002456,228000193,228000249,82-2,무량골
1000002456,228000193,228001756,82-2,아시아나CC
1000002456,228000193,228000244,82-2,무량골
1000002456,228000193,228000243,82-2,대대1리
1000002456,228000193,228000242,82-2,대대리
1000002456,228000193,228000241,82-2,대대리
1000002456,228000193,228000240,82-2,하리
1000002456,228000193,228000239,82-2,주북3리가장부락
1000002456,228000193,228000238,82-2,주북3리
1000002456,228000193,228001570,82-2,코아루아파트앞
1000002456,228000193,228000272,82-2,코아루아파트
1000002456,228000193,228000270,82-2,임원
1000002456,228000193,228001298,82-2,용샘주유소
1000002456,228000193,228000267,82-2,인정피렌체
1000002456,228000193,228001754,82-2,GS주유소
1000002456,228000193,228001550,82-2,쌍용정비소
1000002456,228000193,228000436,82-2,고림동훌랄라
1000002456,228000193,228000435,82-2,정보산업고교
1000002456,228000193,228000434,82-2,서울병원
1000002456,228000193,228001551,82-2,용마초교
1000002456,228000193,228000427,82-2,공설운동장
1000002456,228000193,228000321,82-2,술막다리
1000002456,228000193,228000449,82-2,시장약국
1000002456,228000193,228000448,82-2,용인농협앞
1000002456,228000193,228000447,82-2,중앙파출소
1000002456,228000193,228000749,82-2,삼환기업(산림조합앞
1000002456,228000193,228000748,82-2,명지대앞
1000002456,228000193,228000747,82-2,등기소앞
1000002456,228000193,228000746,82-2,역말마을
1000002456,228000193,228000745,82-2,용인대학교
1000002456,228000193,228001746,82-2,보건소앞
1000002456,228000193,228001747,82-2,시청앞
1000002456,228000193,228001743,82-2,경찰서
1000002456,228000193,228001744,82-2,시청후문
1000002456,228000193,228001745,82-2,문화복지행정타운
1000002456,228000193,228000779,82-2,문화복지행정타운.용인대학교
1000002456,228000193,228000778,82-2,역골마을
1000002456,228000193,228000777,82-2,등기소앞
1000001999,219000002,219000307,77-2,강선초등학교
1000001463,234000026,201000292,720-2,매산시장
1000001463,234000026,201000291,720-2,수원세무서
1000001463,234000026,201000290,720-2,수원향교
1000002007,219000014,219000453,77,흰돌마을
1000002007,219000014,219000383,77,마두역
1000002007,219000014,219000191,77,일산동구청
1000002007,219000014,219000130,77,일산경찰서
1000002007,219000014,219000190,77,강선마을
1000002007,219000014,219000307,77,강선초등학교
1000002007,219000014,219000306,77,문화초등학교
1000002007,219000014,219000305,77,신일초등학교
1000002007,219000014,219000406,77,산들마을동문아파트5단지
1000002007,219000014,219000405,77,일산서구보건소
1000002007,219000014,219000404,77,명성터미널
1000001463,234000026,228001054,720-2,죽전2동사무소
1000001463,234000026,228000979,720-2,삼성체육관
1000001463,234000026,228000978,720-2,동보아파트
1000001463,234000026,228000977,720-2,현대그린프라자
1000001463,234000026,228000976,720-2,하나프라자
1000001463,234000026,228000975,720-2,주공아파트앞
1000001463,234000026,228000974,720-2,상록아파트앞
1000001463,234000026,228000973,720-2,현대성우아파트
1000001463,234000026,228000972,720-2,상록아파트
1000001463,234000026,228000971,720-2,진흥아파트
1000001463,234000026,228000897,720-2,신봉가압장
1000001463,234000026,228000896,720-2,대우아파트
1000001463,234000026,228000894,720-2,두산기술원앞
1000001463,234000026,228000893,720-2,현대홈타운앞
1000001463,234000026,228000881,720-2,아이파크10단지
1000001463,234000026,228000880,720-2,수자원공사
1000001463,234000026,228000878,720-2,상현동주민센터
1000001463,234000026,228000877,720-2,서원초교
1000001463,234000026,228001431,720-2,쌍용아파트
1000001463,234000026,228001043,720-2,상현교차로
1000001463,234000026,228001042,720-2,별장마을
1000001463,234000026,228001184,720-2,독바위골
1000001463,234000026,203000192,720-2,부대앞
1000001463,234000026,203000041,720-2,산의초교
1000001463,234000026,203000040,720-2,중소기업지원센터
1000001463,234000026,202000041,720-2,수원월드컵경기장
1000001463,234000026,202000032,720-2,효성초교
1000001463,234000026,202000061,720-2,유신고
1000001463,234000026,202000005,720-2,아주대학교
1000001463,234000026,202000004,720-2,아주대입구
1000001463,234000026,206000040,720-2,오리역
1000001463,234000026,206000219,720-2,하얀마을
1000001463,234000026,206000088,720-2,까치마을
1000001463,234000026,206000267,720-2,미금역
1000001463,234000026,206000328,720-2,대원사거리
1000001463,234000026,206000327,720-2,한국토지공사앞
1000001463,234000026,206000249,720-2,이마트
1000001463,234000026,206000248,720-2,정자3동사무소
1000001463,234000026,206000247,720-2,우성아파트앞
1000001463,234000026,206000246,720-2,LG아파트
1000001463,234000026,206000218,720-2,중앙공원
1000001463,234000026,206000301,720-2,중앙공원정문
1000001463,234000026,206000083,720-2,중앙공원.양지마을금호아파트
1000001463,234000026,206000300,720-2,중앙공원.분당구청
1000001463,234000026,206000299,720-2,서현역.삼성프라자
1000002174,200000143,200000009,13-3,비석거리입구
1000002456,228000193,228000775,82-2,삼환나우빌
1000002456,228000193,228000446,82-2,중앙파출소
1000002456,228000193,228000445,82-2,용인농협앞
1000002456,228000193,228000444,82-2,용인시장
1000002456,228000193,228000197,82-2,용인터미널(하차장)
1000002413,223000057,233000702,72,병점역사거리
1000002457,228000217,228001552,82-4,용인터미널(승차장)
1000002457,228000217,228000443,82-4,제일병원
1000002457,228000217,228000665,82-4,마평정류소
1000002457,228000217,228000664,82-4,라이프아파트앞
1000002457,228000217,228000663,82-4,송담대학앞
1000002457,228000217,228001508,82-4,삼삼부락앞
1000002457,228000217,228000662,82-4,삼삼부락
1000002457,228000217,228001509,82-4,묵동
1000002457,228000217,228000661,82-4,예비군훈련장
1000002457,228000217,228000660,82-4,별학앞
1000002457,228000217,228000659,82-4,백마기도원앞
1000002457,228000217,228001511,82-4,장재미
1000002457,228000217,228000658,82-4,운학초등학교앞
1000002457,228000217,228001521,82-4,내어둔마을회관앞
1000002457,228000217,228000606,82-4,운학동
1000002457,228000217,228000605,82-4,장재미
1000002457,228000217,228001510,82-4,백마기도원앞
1000002457,228000217,228000604,82-4,별학마을
1000002457,228000217,228001741,82-4,예비군훈련장
1000002457,228000217,228000603,82-4,목동.목동야목농원앞
1000002457,228000217,228000602,82-4,삼삼부락
1000002457,228000217,228000601,82-4,삼삼부락앞
1000002457,228000217,228000600,82-4,송담대학
1000002457,228000217,228000599,82-4,라이프아파트
1000002457,228000217,228000598,82-4,마평정류소
1000002457,228000217,228000450,82-4,제일병원
1000002457,228000217,228001440,82-4,용인터미널(하차장)
1000002900,222000069,221000138,8,퇴게원다리
1000002900,222000069,221000137,8,사노리.나들목
1000002900,222000069,221000136,8,양지마을
1000002900,222000069,221000135,8,두레물골
1000002900,222000069,221000134,8,안말
1000002900,222000069,221000133,8,구리시립묘지
1000002900,222000069,221000132,8,돌무들
1000002900,222000069,221000131,8,샘말
1000002900,222000069,221000130,8,동창마을.한진그랑빌아파트
1000002900,222000069,221000129,8,동구동사무소
1000002900,222000069,221000128,8,동구릉
1000002900,222000069,221000151,8,건영.성원아파트.농수산물시장
1000002900,222000069,221000093,8,주공1단지.현대아파트
1000002900,222000069,221000092,8,삼보아파트
1000002900,222000069,221000091,8,구리역입구.구리보건소
1000002900,222000069,221000063,8,돌다리
1000002900,222000069,221000062,8,중앙예식장
1000002900,222000069,221000146,8,교문사거리.삼육중고교
1000002900,222000069,221000145,8,세무서입구삼거리.현대공업사
1000002900,222000069,221000144,8,구리시청
1000002900,222000069,221000105,8,남원추어탕
1000002900,222000069,221000043,8,두산아파트
1000002900,222000069,221000042,8,하나아파트
1000002900,222000069,221000101,8,수택3동사무소
1000002900,222000069,221000100,8,럭키아파트
1000002900,222000069,221000099,8,밀알교회
1000002900,222000069,221000098,8,수평사거리
1000002900,222000069,221000084,8,동명빌라
1000002900,222000069,221000221,8,상록아파트
1000002900,222000069,221000040,8,토평동대림아파트
1000002900,222000069,221000075,8,상록아파트
1000002900,222000069,221000074,8,동명빌라
1000002900,222000069,221000114,8,수평사거리
1000002900,222000069,221000113,8,밀알교회
1000002900,222000069,221000112,8,럭키아파트
1000002900,222000069,221000111,8,수택3동사무소
1000002900,222000069,221000045,8,한성1차아파트
1000002900,222000069,221000044,8,두산아파트
1000002900,222000069,221000106,8,대명상가
1000002900,222000069,221000002,8,이문안
1000002900,222000069,221000001,8,구리시청
1000002900,222000069,221000022,8,현대자동차앞
1000002900,222000069,221000195,8,삼육중고앞
1000002900,222000069,221000061,8,중앙예식장
1000002900,222000069,221000060,8,돌다리
1000002900,222000069,221000067,8,구리역입구
1000002900,222000069,221000066,8,삼보아파트
1000002900,222000069,221000065,8,인창1단지
1000002900,222000069,221000097,8,동구동사무소
1000002900,222000069,221000016,8,동구릉
1000002900,222000069,221000015,8,동구동사무소
1000002900,222000069,221000014,8,한진그랑빌아파트
1000002900,222000069,221000013,8,샘말
1000002900,222000069,221000096,8,돌무들
1000002900,222000069,221000012,8,구리시립묘지
1000002900,222000069,221000011,8,안말
1000002900,222000069,221000095,8,언제마을.두레물골
1000002900,222000069,221000094,8,사노나들목
1000002900,222000069,221000064,8,퇴게원다리
1000002900,222000069,222000580,8,극동아파트
1000002900,222000069,222000579,8,퇴계원농협앞
1000002900,222000069,222000578,8,퇴계원초교
1000002900,222000069,222000577,8,관사앞
1000002900,222000069,222000576,8,뱅이마루터.주공아파트
1000002900,222000069,222000575,8,뱅이삼거리
1000002900,222000069,222000567,8,임송
1000002900,222000069,222000566,8,전도치마을
1000002900,222000069,222001060,8,영서마을
1000002900,222000069,222000564,8,원내곡
1000002900,222000069,222000563,8,동촌마을
1000002900,222000069,222000562,8,밤섬유원지
1000002900,222000069,222000543,8,현창마을
1000002900,222000069,222000542,8,풍양초등학교
1000002900,222000069,222000541,8,대궐터
1000002900,222000069,222000540,8,내각농협
1000002900,222000069,222000539,8,내동마을
1000002900,222000069,222000535,8,봉현마을
1000002900,222000069,222000534,8,장현초등학교
1000002900,222000069,222000638,8,진접농협
1000002900,222000069,222000533,8,진접지구대.국민은해앞
1000002900,222000069,222000532,8,청화빌라
1000002900,222000069,222000531,8,금곡리입구.신동아아파트
1000002900,222000069,222000561,8,정광아파트
1000002900,222000069,222000560,8,장승초등학교
1000002900,222000069,222000559,8,장승마을
1000002900,222000069,222000639,8,신광마을
1000002900,222000069,222000138,8,신한미아파트
1000002900,222000069,222000137,8,광천마을
1000002900,222000069,222001065,8,마명리입구
1000001463,234000026,206000026,720-2,서현역.삼성프라자
1000001657,219000005,218000064,800,윗배다리
1000001657,219000005,218000063,800,부대앞
1000001657,219000005,218000062,800,왕능골삼거리
1000001657,219000005,218000132,800,원당골
1000001657,219000005,218000131,800,낙타고개군인아파트
1000002454,228000200,228000745,81-2,용인대학교
1000002454,228000200,228001746,81-2,보건소앞
1000002454,228000200,228001747,81-2,시청정문
1000002454,228000200,228001743,81-2,경찰서
1000002454,228000200,228001744,81-2,시청후문
1000002454,228000200,228001745,81-2,문화복지행정타운
1000002454,228000200,228000779,81-2,문화복지행정타운.용인대학교
1000002454,228000200,228000778,81-2,역말마을
1000002454,228000200,228000777,81-2,등기소앞
1000002454,228000200,228000776,81-2,명지대앞
1000002454,228000200,228000775,81-2,삼환나누빌
1000002454,228000200,228000446,81-2,중앙지구대
1000002454,228000200,228000445,81-2,용인농협앞
1000002454,228000200,228000444,81-2,용인시장
1000002454,228000200,228000197,81-2,용인터미널(하차장)
1000001463,234000026,228001055,720-2,죽전역.신세계백화점
1000002455,228000195,228001440,82-1,용인터미널(출구)
1000002455,228000195,228000449,82-1,시장약국
1000002455,228000195,228000448,82-1,용인농협앞
1000002455,228000195,228000447,82-1,중앙지구대
1000002455,228000195,228000749,82-1,삼환기업(산림조합앞)
1000002455,228000195,228000748,82-1,명지대앞
1000002455,228000195,228000747,82-1,등기소앞
1000002455,228000195,228000746,82-1,역말마을
1000002455,228000195,228001365,82-1,용인대학교
1000002455,228000195,228001208,82-1,용인대학교앞
1000002455,228000195,228000140,82-1,상덕(서3리)
1000002455,228000195,228000139,82-1,상덕
1000002455,228000195,228000138,82-1,서1리(중덕)
1000002455,228000195,228000137,82-1,서1리(중덕)
1000002455,228000195,228000136,82-1,서1리(하덕)
1000002455,228000195,228000135,82-1,서리
1000002455,228000195,228000134,82-1,새마을상회
1000002455,228000195,228001490,82-1,천리
1000002455,228000195,228001280,82-1,대교물류센터
1000002455,228000195,228000205,82-1,노루실
1000002455,228000195,228000204,82-1,청기와
1000002455,228000195,228000203,82-1,무너머고개
1000002455,228000195,228001742,82-1,안터입구
1000002455,228000195,228000202,82-1,대촌
1000002455,228000195,228000201,82-1,평옥
1000002455,228000195,228000200,82-1,옥현
1000002455,228000195,228000199,82-1,태성고등학교
1000002455,228000195,228000198,82-1,현대아파트
1000002455,228000195,228001435,82-1,용인터미널(하차장)
1000002900,222000069,222001051,8,광릉내
1000002900,222000069,222000135,8,신촌
1000002900,222000069,222001064,8,마명리입구
1000002900,222000069,222000134,8,광천마을
1000002900,222000069,222000133,8,신한미아파트
1000002900,222000069,222000132,8,신광마을
1000002900,222000069,222000554,8,광릉검문소.진접중학교
1000002900,222000069,222000553,8,장승마을
1000002900,222000069,222000938,8,금강.현대아파트
1000002900,222000069,222000551,8,신우아파트
1000002900,222000069,222000550,8,정광아파트
1000002900,222000069,222000549,8,진접읍사무소
1000002900,222000069,222000530,8,금곡리입구.신동아아파트
1000002900,222000069,222000633,8,청화주택
1000002900,222000069,222000529,8,진접지구대
1000002900,222000069,222000528,8,진접농협
1000002900,222000069,222000527,8,장현초등학교
1000002900,222000069,222000526,8,봉현마을.현대병원
1000002900,222000069,222000634,8,내동마을.한신아파트
1000001657,219000005,218000130,800,원산동사무소
1000001657,219000005,218000129,800,송강마을
1000001657,219000005,218000128,800,신원교
1000001657,219000005,218000213,800,서울시장묘문화센터
1000002001,219000006,218000231,82,내유동종점
1000002001,219000006,218000464,82,신성슈퍼
1000002001,219000006,218000165,82,아랫내유동
1000002001,219000006,218000164,82,희망양로원.윗내유동
1000002001,219000006,218000163,82,내유초등학교
1000002001,219000006,218000162,82,고골
1000002001,219000006,218000161,82,가장동
1000002001,219000006,218000160,82,두포동
1000002001,219000006,218000169,82,관산동삼거리.벽제주유소
1000002001,219000006,218000336,82,월현상회앞
1000002001,219000006,218000168,82,남북농원.주주테마동물원
1000002001,219000006,218000167,82,청대동
1000002001,219000006,218000166,82,삼능역
1000002001,219000006,218000110,82,왕능골삼거리
1000002001,219000006,218000109,82,부대앞
1000002001,219000006,218000108,82,윗배다리
1000002001,219000006,218000107,82,원릉역
1000002001,219000006,218000106,82,등기소
1000002001,219000006,218000105,82,고양시청
1000002001,219000006,218000104,82,성사2동사무소.신원당아파트.신원당마을입구
1000002001,219000006,218000103,82,달빛마을1단지.덕양어울림누리.동부아파트
1000002001,219000006,218000102,82,화정1동사무소.달빛마을2단지
1000002001,219000006,218000101,82,신안아파트.명지병원.달빛마을3단지
1000002001,219000006,218000100,82,단독주택단지
1000002001,219000006,218000099,82,화정역.덕양구청
1000002001,219000006,218000014,82,별빛마을8단지.부영아파트.롯데마트
1000002001,219000006,218000098,82,근린공원
1000002001,219000006,218000097,82,화정2동사무소
1000002001,219000006,218000096,82,GS마트
1000002001,219000006,218000089,82,행신초등학교
1000002001,219000006,218000088,82,샘터마을2단지
1000002001,219000006,218000087,82,가라뫼
1000002001,219000006,218000086,82,무원고등학교
1000002001,219000006,218000085,82,행신동SK아파트
1000002001,219000006,218000084,82,행신동삼거리
1000002001,219000006,218000083,82,토당초등학교.우창프라자
1000002001,219000006,218000007,82,능곡화원
1000002001,219000006,218000006,82,맨들
1000002001,219000006,218000211,82,행주산성입구.행주내동
1000002001,219000006,218000210,82,난지도하수처리장
1000002001,219000006,218000209,82,상암주유소
1000002001,219000006,218000230,82,난지도하수처리장
1000001463,234000026,202000073,720-2,동양부폐
1000001463,234000026,202000046,720-2,우만아파트
1000001463,234000026,202000017,720-2,우만신성아파트
1000001463,234000026,202000016,720-2,동수원병원
1000001463,234000026,202000008,720-2,수원사거리
1000001463,234000026,202000007,720-2,성빈센트병원
1000001463,234000026,202000048,720-2,못골시장
1000001463,234000026,202000031,720-2,영동시장
1000001463,234000026,201000295,720-2,이춘택병원
1000001463,234000026,201000294,720-2,수원향교
1000001463,234000026,201000293,720-2,수원세무서
1000001463,234000026,201000299,720-2,수원역
1000001463,234000026,201000263,720-2,뉴타운센트라하우스
1000001463,234000026,201000256,720-2,서호초등학교
1000001463,234000026,201000142,720-2,서호중학교
1000001463,234000026,201000141,720-2,농촌자원개발연구소
1000001463,234000026,201000140,720-2,푸른지대
1000001463,234000026,201000139,720-2,탑동입구
1000001463,234000026,201000138,720-2,탑골1길
1000001463,234000026,201000137,720-2,우방아파트
1000001463,234000026,201000157,720-2,권선구청입구
1000001463,234000026,201000122,720-2,고색동태산아파트
1000001463,234000026,201000349,720-2,우림아파트
1000001463,234000026,201000347,720-2,고색산업단지
1000001463,234000026,201000130,720-2,청구1차아파트
1000001463,234000026,201000151,720-2,오목천주공아파트
1000001463,234000026,233000593,720-2,수영사거리
1000001463,234000026,233000592,720-2,축산기술연구소
1000001463,234000026,233000591,720-2,한국농업전문학교
1000001463,234000026,233000590,720-2,신일.우남클래식아파트앞
1000001463,234000026,233000589,720-2,동양매직
1000001463,234000026,233000588,720-2,평생플러스빌.신일해피트리
1000001463,234000026,233000942,720-2,와우농협앞
1000001463,234000026,233000944,720-2,와우2리
1000001463,234000026,233000575,720-2,수원대
1000001453,234000315,228001181,9001,죽전영업소
1000001453,234000315,228001000,9001,성현마을2단지
1000001453,234000315,228000999,9001,야외음악당
1000001453,234000315,228001061,9001,한국정보산업진흥원
1000001453,234000315,228001060,9001,내대지마을2단지
1000001453,234000315,228001059,9001,도담마을아이파크
1000001453,234000315,228001058,9001,롯데아파트.대일초교앞
1000001453,234000315,228001057,9001,금강프라자
1000001453,234000315,228001056,9001,한신길훈아파트
1000001453,234000315,228001086,9001,동성2차아파트
1000001453,234000315,228001085,9001,죽전(신갈.수원)
1000001453,234000315,228001084,9001,대현.죽전초등학교
1000001453,234000315,206000251,9001,농수산물센타
1000001453,234000315,206000250,9001,성우스타우스앞
1000001453,234000315,206000334,9001,무지개마을LG아파트
1000001453,234000315,206000333,9001,주공4단지
1000001453,234000315,206000332,9001,그랜드빌
1000001453,234000315,206000331,9001,오리초등학교
1000001453,234000315,206000330,9001,미금초등학교
1000001453,234000315,206000329,9001,대우.롯데아파트
1000001453,234000315,206000328,9001,대원사거리.까치마을
1000001453,234000315,206000327,9001,한국토지공사앞
1000001453,234000315,206000249,9001,E-마트앞
1000001453,234000315,206000248,9001,정자3동주민센터
1000001453,234000315,206000247,9001,우성아파트
1000001453,234000315,206000246,9001,LG아파트앞
1000001453,234000315,206000245,9001,그랜드프라자
1000001453,234000315,206000321,9001,샛별마을
1000001453,234000315,206000320,9001,샛별마을라이프아파트
1000001453,234000315,206000319,9001,효자촌.주영빌딩
1000001453,234000315,206000318,9001,서현중학교
1000001453,234000315,206000317,9001,새마을연수원입구
1000001453,234000315,206000316,9001,이매촌한신
1000001453,234000315,101000005,9001,롯데영프라자
1000001453,234000315,206000239,9001,이매촌한신
1000001453,234000315,206000238,9001,새마을연수원입구
1000001453,234000315,206000237,9001,서현중학교앞
1000001453,234000315,206000186,9001,우성프라자앞
1000001453,234000315,206000185,9001,중앙공원
1000001453,234000315,206000184,9001,중앙공원
1000001453,234000315,206000244,9001,금산프라자
1000001453,234000315,206000224,9001,한솔초등학교
1000001999,219000002,218000140,77-2,덕은동
1000001999,219000002,218000139,77-2,덕은동입구
1000001999,219000002,218000301,77-2,항공대학입구
1000001999,219000002,218000136,77-2,화전역앞
1000001999,219000002,218000135,77-2,화도교
1000001999,219000002,218000134,77-2,서재동입구
1000001999,219000002,218000087,77-2,가라뫼
1000001999,219000002,218000321,77-2,소만마을8단지.풍림아파트
1000001999,219000002,218000121,77-2,소만마을7단지
1000003321,224000011,217000028,20-1,세아제강(주)
1000003321,224000011,217000027,20-1,인터플랙스(주)
1000003321,224000011,217000026,20-1,(주)정일산기
1000003321,224000011,217000448,20-1,한샘 건너편
1000003321,224000011,217000447,20-1,선창산업(주)
1000003321,224000011,217000574,20-1,신일강업
1000003321,224000011,217000443,20-1,신한정기
1000003321,224000011,217000435,20-1,근린공원
1000003321,224000011,217000436,20-1,안산시장애인재활작업장
1000003321,224000011,217000437,20-1,필립스건너편
1000003321,224000011,217000438,20-1,백산철강(주)
1000003321,224000011,217000439,20-1,진양테크
1000003321,224000011,217000440,20-1,삼지금속
1000003321,224000011,217000441,20-1,두성기계공업
1000003321,224000011,224000679,20-1,합동제작소
1000003321,224000011,224000636,20-1,아폴로산업
1000003321,224000011,224000637,20-1,칩트론
1000003321,224000011,224000638,20-1,여천종합철강
1000003321,224000011,224000170,20-1,동양중공업
1000003321,224000011,224000169,20-1,신광테크
1000003321,224000011,224000254,20-1,시흥우체국.전화국.엘지마트입구
1000003321,224000011,224000168,20-1,파인힐
1000003321,224000011,224000639,20-1,산업기술대
1000002941,207000027,215000003,36,구)버스터미널앞
1000002941,207000027,215000002,36,서울병원사거리
1000002930,207000033,207000420,23,민락동차고지
1000002930,207000033,207000396,23,궁촌마을입구
1000002930,207000033,207000123,23,산들마을4단지.현대아이파크
1000002930,207000033,207000109,23,민락중학교앞
1000002930,207000033,207000149,23,신안아파트앞(남문)
1000002930,207000033,207000113,23,송현고.장애인복지관
1000002930,207000033,207000148,23,송산주공2.5단지
1000002930,207000033,207000147,23,의정부노동부지청보건소동부분소
1000002930,207000033,207000146,23,송산주공1단지앞
1000002930,207000033,207000145,23,효자중학교앞
1000002930,207000033,207000144,23,경기도제2청사앞
1000002930,207000033,207000143,23,경기도제2청사앞
1000002930,207000033,207000142,23,드림밸리아파트앞
1000002930,207000033,207000141,23,우체국
1000002930,207000033,207000165,23,벽산아파트앞
1000002930,207000033,207000164,23,신곡2동우체국
1000002930,207000033,207000140,23,시외버스터미널
1000002930,207000033,207000267,23,중앙로
1000002930,207000033,207000266,23,의정부역(동부광장)
1000002930,207000033,207000265,23,의정부의료원
1000002930,207000033,207000264,23,서중학교앞
1000002930,207000033,207000263,23,곧은골로타리
1000002930,207000033,207000262,23,가능3동주민센터앞
1000002930,207000033,207000261,23,안골유원지앞.안골입구
1000002930,207000033,207000260,23,경민학원앞
1000002930,207000033,207000139,23,동먕빌라앞
1000002930,207000033,207000138,23,상직동
1000002930,207000033,235000300,23,울대고개
1000002930,207000033,235000299,23,쌍용관사
1000002930,207000033,235000298,23,원각사
1000002930,207000033,235000297,23,송추
1000002930,207000033,235000296,23,느티나무
1000002930,207000033,235000326,23,우남아파트앞
1000002930,207000033,235000325,23,부곡2리
1000002930,207000033,235000324,23,부곡4반
1000002930,207000033,235000829,23,부곡리
1000002930,207000033,235000323,23,3773부대입구
1000002930,207000033,235000322,23,부곡1리
1000002930,207000033,235000834,23,교회앞
1000002930,207000033,235000705,23,송추정신병원
1000002930,207000033,235000706,23,부대앞
1000002930,207000033,235000312,23,윗가마골
1000002930,207000033,235000311,23,704번종점앞
1000002930,207000033,235000310,23,부곡1리마을회관
1000002930,207000033,235000309,23,3773부대입구
1000002930,207000033,235000832,23,부곡리
1000002930,207000033,235000308,23,부곡리4반
1000002930,207000033,235000307,23,부곡2리
1000002930,207000033,235000306,23,우남아파트
1000002930,207000033,235000305,23,푸른마을아파트
1000002930,207000033,235000282,23,송추
1000002930,207000033,235000281,23,원각사
1000002930,207000033,235000280,23,쌍용관사
1000002930,207000033,235000279,23,울대고개
1000002930,207000033,207000137,23,상직동
1000002930,207000033,207000136,23,동명빌라앞
1000002930,207000033,207000274,23,안골
1000003155,232000004,232000359,959,선수동
1000003155,232000004,232000358,959,장곡
1000002525,229000032,111000040,34,구파발삼거리
1000002525,229000032,111000069,34,진관내동한양주택
1000002525,229000032,111000066,34,지축교앞
1000002000,219000023,219000412,87,대화동
1000002000,219000023,219000122,87,양우아파트.현대파크아파트
1000002000,219000023,219000121,87,송포파출소.송포농협
1000002000,219000023,219000120,87,건설센터후문.킨텍스
1000002000,219000023,219000119,87,대화중학교.종합운동장
1000002000,219000023,219000127,87,예비군훈련장.삼익아파트.풍림3단지
1000002000,219000023,219000118,87,장성중학교.대진고등학교
1000002000,219000023,219000117,87,연세프라자
1000002000,219000023,219000116,87,문촌마을6.7단지.쌍용아파트.기산아파트
1000002000,219000023,219000115,87,오마초등학교
1000002000,219000023,219000114,87,후곡마을.롯데아팥.제일프라자
1000002000,219000023,219000113,87,일산3동사무소
1000002000,219000023,219000112,87,밤가시마을.일산4동
1000002000,219000023,219000111,87,초가집.저동고교
1000002000,219000023,219000110,87,국립암센터
1000002000,219000023,219000355,87,정발고등학교
1000002000,219000023,219000168,87,마석1동사무소
1000002000,219000023,219000157,87,백석고둥학교
1000002000,219000023,219000354,87,백석우체국
1000002000,219000023,219000353,87,백석동8블럭.일산병원
1000002000,219000023,219000352,87,일산병원
1000002000,219000023,219000387,87,화훼단지
1000002000,219000023,218000338,87,섬말다리
1000002000,219000023,218000201,87,신주택
1000002000,219000023,218000200,87,삼성당
1000002000,219000023,218000199,87,삼성당다리
1000002000,219000023,218000198,87,삼화연립
1000002000,219000023,218000197,87,능고초등하교
1000002000,219000023,218000196,87,능곡기차역
1000002000,219000023,218000195,87,능곡전화국
1000002000,219000023,218000007,87,능곡화원
1000002000,219000023,218000006,87,맨들
1000002000,219000023,218000211,87,행주산성입구.행주내동
1000002000,219000023,218000210,87,난지도하수처리장
1000002000,219000023,218000209,87,상암주유소
1000002000,219000023,218000230,87,난지도하수처리장
1000002000,219000023,218000303,87,행주산성입구.행주내동
1000002000,219000023,218000208,87,맨들마을
1000002000,219000023,218000207,87,능곡화원
1000002000,219000023,218000194,87,능곡전화국
1000002000,219000023,218000193,87,능곡기차역
1000002000,219000023,218000192,87,능곡초등학교
1000002000,219000023,218000191,87,목화연립
1000002000,219000023,218000190,87,삼화연립
1000002000,219000023,218000189,87,삼성당다리
1000002000,219000023,218000188,87,삼성당
1000002000,219000023,218000187,87,신주택앞
1000002000,219000023,218000490,87,섬말다리
1000002000,219000023,219000351,87,화훼단지
1000002000,219000023,219000350,87,일산병원
1000002000,219000023,219000349,87,백석동7블럭.일산병원
1000002000,219000023,219000348,87,백석동우체국
1000002000,219000023,219000167,87,백석초등학교
1000002000,219000023,219000207,87,마두1동사무소
1000002000,219000023,219000205,87,정발고등학교
1000002007,219000014,219000340,77,대화마을양우아파트
1000002007,219000014,219000581,77,대화동종점
1000002000,219000023,219000204,87,국립암센터
1000002000,219000023,219000203,87,초가집.저동고교
1000002000,219000023,219000201,87,밤가시마을.일산4동
1000002000,219000023,219000200,87,일산3동사무소
1000002000,219000023,219000199,87,후곡한양아파트.후곡마을4단지.롯데아파트
1000002000,219000023,219000347,87,오마중학교
1000002000,219000023,219000346,87,문촌마을.라이프아파트
1000002000,219000023,219000345,87,연세프라자
1000002000,219000023,219000344,87,장성중학교.대진고등학교
1000002000,219000023,219000132,87,예비군훈련장
1000002000,219000023,219000343,87,대화중학교.종합운동장
1000002000,219000023,219000342,87,건설센타후문
1000002000,219000023,219000341,87,송포농협.송포파출소
1000002000,219000023,219000340,87,대화양우아파트
1000002000,219000023,219000400,87,대화동종점
1000001657,219000005,218000231,800,내유동종점
1000001657,219000005,218000464,800,신성슈퍼
1000001657,219000005,218000165,800,아랫내유동
1000001657,219000005,218000164,800,윗내유동.희망양로원
1000001657,219000005,218000163,800,내유초등학교
1000001657,219000005,218000162,800,고골
1000001657,219000005,218000161,800,가장동
1000001657,219000005,218000160,800,두포동
1000001657,219000005,218000159,800,관산삼거리.벽제주유소
1000001657,219000005,218000158,800,벽제중학교.고양외고
1000001657,219000005,218000157,800,관산주공아파트
1000001657,219000005,218000156,800,관산동사무소
1000001657,219000005,218000155,800,신성아파트
1000001657,219000005,218000154,800,필리핀참전비앞
1000001657,219000005,218000153,800,대자동
1000001657,219000005,218000152,800,서울시장묘문화센터
1000001657,219000005,218000228,800,신원교
1000001657,219000005,218000227,800,송강마을
1000001657,219000005,218000150,800,원신동사무소
1000001657,219000005,218000149,800,낙타고개.군인아파트
1000001657,219000005,218000148,800,원당골
1000001657,219000005,218000110,800,왕능골삼거리
1000001657,219000005,218000109,800,부대앞
1000001657,219000005,218000108,800,윗배다리
1000001657,219000005,218000107,800,원능역
1000001657,219000005,218000106,800,등기소
1000001657,219000005,218000105,800,고양시청
1000001657,219000005,218000104,800,성사2동사무소.신원당아파트.신원당마을입구
1000001657,219000005,218000103,800,달빛마을1단지.덕양어울림누리
1000001657,219000005,218000102,800,화정1동사무소.달빛마을2단지
1000001657,219000005,218000101,800,신안아파트.명지병원.달빛마을3단지
1000001657,219000005,218000100,800,단독주택단지
1000001657,219000005,218000099,800,화정역.덕양구청
1000001657,219000005,218000014,800,별빛마을8단지.부영아파트.롯데마트
1000001657,219000005,218000013,800,고양경찰서
1000001657,219000005,218000039,800,토당고가밑.별빛마을8단지
1000001657,219000005,218000018,800,능곡병원
1000001657,219000005,218000009,800,능곡고등학교
1000001657,219000005,218000017,800,현대1.2차아파트
1000001657,219000005,218000147,800,시립행신도서관
1000001657,219000005,218000081,800,행신동무원마을
1000001657,219000005,218000080,800,무원고등학교
1000002930,207000033,207000273,23,가능3동주민센터
1000002930,207000033,207000272,23,곧은골로터리
1000002329,219000007,218000203,1008,별빛마을7단지.화정역.은빛마을
1000002329,219000007,218000014,1008,별빛마을8단지.부영아파트.롯데마트
1000002329,219000007,218000013,1008,고양경찰서
1000002329,219000007,218000202,1008,대곡역
1000002329,219000007,219000386,1008,백석동
1000002329,219000007,219000446,1008,백석역.시외버스터미널
1000002329,219000007,219000349,1008,백석동7블럭.일산병원
1000002329,219000007,219000348,1008,백석동우체국
1000002329,219000007,219000328,1008,강촌마을2단지.한신아파트
1000002329,219000007,219000327,1008,동아아파트.강촌마을1단지
1000002329,219000007,219000371,1008,강촌마을8단지.우방아파트.뉴코아백화점
1000002329,219000007,219000191,1008,일산동구청
1000002329,219000007,219000130,1008,일산경찰서
1000002329,219000007,219000190,1008,강선마을
1000002329,219000007,219000307,1008,강선초교
1000002329,219000007,219000397,1008,유화프라자
1000002329,219000007,219000346,1008,문촌마을.라이프아파트
1000002329,219000007,219000345,1008,연세프라자
1000002329,219000007,219000344,1008,대진고등학교.장성중학교
1000002329,219000007,219000126,1008,농수산물센터.성저5단지
1000002329,219000007,219000125,1008,성처초등학교
1000002329,219000007,219000411,1008,신원센스빌아파트
1000002329,219000007,219000410,1008,일산중고교.한뫼초등학교
1000002329,219000007,219000253,1008,일산시장
1000001474,234000015,122000308,1007,세곡동사거리
1000001474,234000015,122000315,1007,세곡동사거리
1000001474,234000015,122000302,1007,수서역
1000001474,234000015,123500007,1007,일신여상
1000001474,234000015,123000045,1007,잠실역1번출구
1000001474,234000015,123000041,1007,잠실중학교.장미A
1000001474,234000015,123000048,1007,잠실역6번출구.롯데월드.잠실주공5단지
1000003081,229000030,218000151,100,지구레코드
1000003081,229000030,218000226,100,신원초교앞
1000003081,229000030,218000225,100,한우물입구
1000003081,229000030,218000224,100,삼송초등학교앞
1000003081,229000030,218000223,100,지축기지
1000003081,229000030,218000222,100,삼송주유소
1000003081,229000030,218000221,100,동신삼거리
1000003081,229000030,111000055,100,한양주택
1000002942,207000028,215000216,37,소요산차고지
1000002942,207000028,215000062,37,소요산
1000002942,207000028,215000061,37,성보주택
1000003321,224000011,217000434,20-1,이구산업
1000003321,224000011,217000442,20-1,(주)다산
1000003321,224000011,217000575,20-1,신양금속
1000003321,224000011,217000449,20-1,한샘앞
1000003321,224000011,217000046,20-1,안산도금단지
1000003321,224000011,217000450,20-1,인터플랙스맞은편
1000003321,224000011,217000044,20-1,주아이아
1000003321,224000011,217000043,20-1,금성제어기(주)
1000003321,224000011,217000105,20-1,조흥전기앞
1000003321,224000011,217000104,20-1,태양금속앞
1000003321,224000011,217000103,20-1,서흥금속앞
1000003321,224000011,217000102,20-1,신진볼트공업앞
1000003321,224000011,217000101,20-1,일성신약앞
1000003321,224000011,217000174,20-1,안산역앞
1000003321,224000011,217000151,20-1,원곡본동사무소앞
1000003321,224000011,217000150,20-1,원곡고등학교
1000003321,224000011,217000451,20-1,다다생활관앞
1000003321,224000011,217000452,20-1,양문교회앞
1000003321,224000011,217000453,20-1,기숙사단지앞
1000003321,224000011,217000456,20-1,원곡공영주차장앞
1000003321,224000011,217000459,20-1,땟골삼거리
1000003321,224000011,217000461,20-1,선일초등학교후문건너편
1000003321,224000011,217000463,20-1,선부동1068번지
1000003321,224000011,217000465,20-1,선부동1067-6번지
1000003321,224000011,217000064,20-1,공작한양아파트후문
1000003321,224000011,217000326,20-1,한양프라자
1000003321,224000011,217000325,20-1,선부초등학교건너편
1000003321,224000011,217000226,20-1,동명아파트앞
1000003321,224000011,217000225,20-1,선부동주공10단지
1000003321,224000011,217000224,20-1,주공9단지아파트
1000003321,224000011,217000340,20-1,선부1동사무소
1000003321,224000011,217000339,20-1,원곡중학교건너편
1000003321,224000011,217000338,20-1,안산서초등학교
1000003321,224000011,217000212,20-1,라성시장주공2단지
1000003321,224000011,217000211,20-1,군자주공4단지.반월연립
1000003321,224000011,217000210,20-1,초지시장앞
1000003321,224000011,217000209,20-1,단원구청앞
1000003321,224000011,217000430,20-1,와-스타디움앞
1000003321,224000011,217000208,20-1,안산문화예술의전당
1000003321,224000011,217000087,20-1,자유센터앞
1000003321,224000011,217000466,20-1,고잔역앞
1000003321,224000011,217000234,20-1,풍림상가앞
1000003321,224000011,217000207,20-1,안산문화예술의전당
1000003321,224000011,217000300,20-1,와-스타디움건너편
1000003321,224000011,217000299,20-1,초지시장입구
1000003321,224000011,217000298,20-1,주공4단지앞
1000003321,224000011,217000297,20-1,라성시장(벽산아파트)
1000003321,224000011,217000335,20-1,벽산아파트
1000003321,224000011,217000334,20-1,원곡중학교.원곡사무소
1000003321,224000011,217000333,20-1,선부1동사무소
1000003321,224000011,217000147,20-1,주공9단지.차량등록사업소
1000003321,224000011,217000146,20-1,주공10단지건너편
1000003321,224000011,217000145,20-1,동명아파트앞
1000003321,224000011,217000098,20-1,선부초등학교
1000003321,224000011,217000097,20-1,한양프라자
1000003321,224000011,217000051,20-1,공작한양아파트건너편
1000003321,224000011,217000464,20-1,선부2동1033-14번지
1000003321,224000011,217000462,20-1,선부2동1032-18번지
1000003321,224000011,217000460,20-1,선일초등학교후문
1000003321,224000011,217000458,20-1,땟골삼거리
1000003321,224000011,217000457,20-1,원곡공영주차장
1000002942,207000028,215000060,37,정화농원앞.지방산업단지앞
1000002942,207000028,215000145,37,원각사
1000002942,207000028,215000144,37,창말
1000002942,207000028,215000034,37,오랜지마트
1000002942,207000028,215000033,37,동두천역앞
1000002942,207000028,215000032,37,동보초교입구
1000002942,207000028,215000031,37,북보산
1000002942,207000028,215000030,37,미2사단정문
1000002942,207000028,215000029,37,보산역앞
1000002942,207000028,215000028,37,보영여.중고
1000002942,207000028,215000027,37,(구)동연파출소
1000002942,207000028,215000026,37,문화극장앞
1000002942,207000028,215000025,37,서울병원사거리
1000002942,207000028,215000024,37,구)버스터미널앞
1000002942,207000028,215000023,37,공설시장앞
1000002942,207000028,215000046,37,동두천중앙역
1000002942,207000028,215000045,37,생골사거리
1000002942,207000028,215000044,37,대원빌라
1000002942,207000028,215000043,37,현대아파트
1000002942,207000028,215000042,37,중앙중.고
1000002942,207000028,215000041,37,지행동
1000002942,207000028,215000243,37,주유소앞
1000002942,207000028,215000040,37,송내광장
1000002942,207000028,215000015,37,송내상회앞
1000002942,207000028,215000014,37,송내삼거리
1000002942,207000028,235000700,37,봉양사거리
1000002942,207000028,235000035,37,사귀부대
1000002942,207000028,235000159,37,용암리
1000002942,207000028,235000158,37,구덕정사거리
1000002942,207000028,235000157,37,양주경찰서
1000002942,207000028,235000156,37,탑동
1000002942,207000028,235000915,37,오렌지아울렛
1000002942,207000028,235000155,37,벌말
1000002942,207000028,235000154,37,롯데마트앞
1000002942,207000028,235000153,37,KBS중계소
1000002942,207000028,235000152,37,우리은행앞
1000002942,207000028,235000440,37,덕계동
1000002942,207000028,235000439,37,명성아파트
1000002942,207000028,235000438,37,샘내고개
1000002942,207000028,235000437,37,샘내
1000002942,207000028,235000436,37,수색대앞
1000002930,207000033,207000116,23,산들마을4단지
1000002930,207000033,207000246,23,궁촌마을입구
1000002930,207000033,207000421,23,민락동차고지
1000002941,207000027,215000216,36,소요산차고지
1000002941,207000027,215000062,36,소요산
1000002941,207000027,215000061,36,성보주택
1000002941,207000027,215000060,36,정화농원앞.지방산업단지앞
1000002941,207000027,215000145,36,원각사
1000002941,207000027,215000144,36,창말
1000002941,207000027,215000034,36,오렌지마트
1000002941,207000027,215000033,36,동두천역
1000002941,207000027,215000032,36,동보초교입구
1000002941,207000027,215000031,36,북보산
1000002941,207000027,215000030,36,미2사단정문
1000002941,207000027,215000029,36,보산역앞
1000002941,207000027,215000028,36,보영여중.고
1000002941,207000027,215000027,36,(구)동연파출소
1000002941,207000027,215000026,36,문화극장앞
1000002941,207000027,215000025,36,서울병원사거리
1000001999,219000002,218000120,77-2,삼보2단지
1000001999,219000002,218000119,77-2,무원마을단독주택단지
1000001999,219000002,218000118,77-2,샘터2단지
1000001999,219000002,218000320,77-2,고양경찰서
1000001999,219000002,218000202,77-2,대곡역
1000001999,219000002,219000386,77-2,백석동
1000002941,207000027,109000003,36,도봉한신아파트
1000002941,207000027,109000005,36,도봉역(성황당)
1000002941,207000027,109000007,36,신도봉사거리
1000002941,207000027,109000009,36,도봉소방서
1000002941,207000027,109000011,36,도봉보건소
1000003081,229000030,111000281,100,연신내역
1000003081,229000030,111000022,100,갈현동
1000003081,229000030,111000013,100,박석고개
1000003081,229000030,111000009,100,한양주택
1000003081,229000030,111000553,100,박석고개
1000003081,229000030,111000030,100,신한은행갈현지점
1000003081,229000030,111000554,100,연신내역
1000003081,229000030,111000286,100,연신내역
1000003081,229000030,111000032,100,동명여고
1000003081,229000030,111000033,100,불광동시외버스터미널
1000002526,229000036,111000560,360,불광동버스터미널
1000002526,229000036,111000019,360,동명여고
1000002526,229000036,111000281,360,연신내역
1000002526,229000036,111000555,360,연신내역
1000002526,229000036,111000021,360,신일하이츠빌라
1000002526,229000036,111000023,360,세명컴퓨터고등학교
1000002526,229000036,111000013,360,박석고개
1000001999,219000002,219000446,77-2,백석전철역.시외버스터미널
1000001999,219000002,219000349,77-2,백석7블럭.일산병원
1000001999,219000002,219000348,77-2,백석동우체국
1000001999,219000002,219000328,77-2,강촌마을2단지.한신아파트
1000001999,219000002,219000327,77-2,동아아파트.강촌마을1단지
1000001999,219000002,219000371,77-2,강촌마을8단지.우방아파트.뉴코아백화점
1000001999,219000002,219000191,77-2,일산동구청
1000001999,219000002,219000130,77-2,일산경찰서
1000001999,219000002,219000190,77-2,강선마을.태영프라자
1000003321,224000011,224000640,20-1,이마트
1000003321,224000011,224000627,20-1,정왕역
1000001999,219000002,219000397,77-2,유화프라자
1000001999,219000002,219000346,77-2,문촌마을.라이프아파트
1000001999,219000002,219000396,77-2,주엽고등학교
1000001999,219000002,219000128,77-2,일산백병원
1000001999,219000002,219000193,77-2,대화역
1000001999,219000002,219000343,77-2,대화중학교.종합운동장
1000001999,219000002,219000342,77-2,건설센터후문
1000001999,219000002,219000341,77-2,송포농협.송포파출소
1000002453,228000198,228000777,81-1,등기소앞
1000002453,228000198,228000776,81-1,명지대앞
1000002453,228000198,228000775,81-1,삼환나누빌
1000002453,228000198,228000446,81-1,중앙지구대
1000002453,228000198,228000445,81-1,용인농협앞
1000002453,228000198,228000444,81-1,용인시장
1000002453,228000198,228000197,81-1,용인터미널(하차장)
1000001463,234000026,206000241,720-2,농수산물센타
1000001463,234000026,228001144,720-2,벽산아파트
1000001463,234000026,228001143,720-2,죽전중.고등학교
1000001463,234000026,228001141,720-2,동성아파트앞
1000002007,219000014,219000412,77,대화동차고지
1000002007,219000014,219000122,77,양우아파트앞
1000002007,219000014,219000121,77,송포농협앞
1000002007,219000014,219000120,77,건설센터후문
1000002007,219000014,219000119,77,고양종합운동장
1000002007,219000014,219000127,77,예비군훈련장
1000002007,219000014,219000126,77,농수산물도매센타
1000002007,219000014,219000125,77,성저초등학교
1000002007,219000014,219000411,77,신원아파트
1000002007,219000014,219000410,77,일신건영휴먼빌
1000002007,219000014,219000253,77,일산시장
1000002007,219000014,219000409,77,명성터미널
1000002007,219000014,219000408,77,일산서구보건소
1000002007,219000014,219000407,77,산들마을5단지
1000002007,219000014,219000310,77,신일초등학교
1000002007,219000014,219000309,77,문화초등학교
1000002007,219000014,219000308,77,강선초등학교
1000002007,219000014,219000192,77,강선마을
1000002007,219000014,219000131,77,일산경찰서
1000002007,219000014,219000356,77,일산동구청
1000002007,219000014,219000370,77,마두역
1000002007,219000014,219000452,77,호수마을
1000002007,219000014,219000454,77,알미공원
1000002007,219000014,219000368,77,백석역
1000002007,219000014,219000163,77,백석동
1000002007,219000014,218000012,77,대곡역
1000002007,219000014,218000316,77,고양경찰서
1000002007,219000014,218000317,77,행신초등학교
1000002007,219000014,218000318,77,행신동
1000002007,219000014,218000145,77,서재동입구
1000002007,219000014,218000144,77,화도교
1000002007,219000014,218000143,77,화전역앞
1000002007,219000014,218000142,77,항공대입구
1000002007,219000014,218000140,77,덕은동
1000002007,219000014,218000139,77,덕은동
1000002007,219000014,218000137,77,항공대입구
1000002007,219000014,218000136,77,화전역앞
1000002007,219000014,218000135,77,화도교
1000003155,232000004,232000532,959,김포대학차고지
1000003155,232000004,232000094,959,김포대학
1000003155,232000004,232000093,959,청룡회관
1000003155,232000004,232000092,959,고막리
1000003155,232000004,232000091,959,부대앞
1000003155,232000004,232000090,959,조각공원
1000003155,232000004,232000096,959,분진중학교
1000003155,232000004,232000388,959,봉골마을
1000003155,232000004,232000387,959,오리정
1000003155,232000004,232000386,959,옥천탕
1000003155,232000004,232000385,959,갈산2리(sk주유소앞)
1000003155,232000004,232000403,959,용정3리
1000003155,232000004,232000383,959,공병중대
1000003155,232000004,232000382,959,청룡사
1000003155,232000004,232000381,959,현대아파트(진터)
1000003155,232000004,232000380,959,통진성당앞
1000003155,232000004,232000379,959,마송(완행)
1000003155,232000004,232000452,959,잿배기입구
1000003155,232000004,232000378,959,통진중고앞
1000003155,232000004,232000377,959,마송초교앞(성심병원)
1000003155,232000004,232000376,959,도사리
1000003155,232000004,232000453,959,도소동
1000003155,232000004,232000375,959,신일아파트앞
1000003155,232000004,232000374,959,한들고개
1000003155,232000004,232000373,959,수참입구
1000003155,232000004,232000497,959,누산삼거리
1000003155,232000004,232000371,959,석모리입구
1000003155,232000004,232000370,959,누산리
1000003155,232000004,232000369,959,바리미
1000003155,232000004,232000368,959,성창아파트입구
1000003155,232000004,232000367,959,지경
1000003155,232000004,232000366,959,고창입구
1000003155,232000004,232000365,959,한옥마을입구
1000002525,229000032,111000019,34,동명여고
1000002525,229000032,111000281,34,연신내역
1000002525,229000032,111000555,34,연신내역
1000002525,229000032,111000021,34,선일하이츠빌라
1000002525,229000032,111000023,34,세명컴퓨터고등학교
1000002525,229000032,111000013,34,박석고개
1000003081,229000030,111000018,100,불광동시외버스터미널
1000002000,219000023,118000089,87,당산역
1000002000,219000023,118000040,87,당산동삼환아파트.대우프루지오.소방회관
1000002000,219000023,118000035,87,영등포시장
1000002000,219000023,118000212,87,영등포역종점
1000002000,219000023,118000499,87,신세계백화점
1000002000,219000023,118000019,87,영등포시장
1000002000,219000023,118000041,87,당산동삼환아파트.대우프르지오.소방회관
1000002000,219000023,118000501,87,당산역
1000001657,219000005,111000001,800,덕은교.은평공영차고지
1000001657,219000005,111000003,800,수색교
1000001657,219000005,111000005,800,수색기차역.수색소방서
1000001657,219000005,111000007,800,수색전철역
1000001657,219000005,112000001,800,북가좌동삼거리
1000001657,219000005,112000003,800,북가좌요진아파트
1000001657,219000005,112000005,800,가좌역.모래내시장
1000001657,219000005,112000007,800,사천교
1000003155,232000004,232000364,959,나진교
1000003155,232000004,232000329,959,산호아파트앞
1000003155,232000004,232000328,959,국민은행앞
1000003155,232000004,232000327,959,경찰서입구
1000003155,232000004,232000362,959,김포고앞
1000003155,232000004,232000361,959,사우삼거리
1000003155,232000004,232000360,959,조리미(조리미입구)
1000002453,228000198,228000745,81-1,용인대학교
1000002453,228000198,228001746,81-1,보건소앞
1000002453,228000198,228001747,81-1,시청정문
1000002453,228000198,228100229,81-1,경찰서
1000002453,228000198,228100231,81-1,시청후문
1000002453,228000198,228001745,81-1,문화복지행정타운
1000002453,228000198,228000779,81-1,문화복지행정타운.용인대학교
1000002453,228000198,228000778,81-1,역말마을
1000002413,223000057,233001704,72,기업은행.국민은행
1000002413,223000057,233001707,72,우림필유아파트
1000002413,223000057,233001486,72,한화꿈에그린아파트
1000002413,223000057,233001485,72,윌드메르디앙아파트
1000002413,223000057,233001706,72,반도유보라아파트
1000002413,223000057,233001630,72,나루마을유보라아파트
1000002413,223000057,233001632,72,반석초등학교
1000002413,223000057,233001705,72,모닝마트
1000002413,223000057,233001297,72,메디컬센터
1000002454,228000200,228001552,81-2,용인터미널(출구)
1000002454,228000200,228000320,81-2,술막다리
1000002454,228000200,228000418,81-2,공설운동장
1000002454,228000200,228001543,81-2,용마초교
1000002454,228000200,228000439,81-2,서울병원
1000002454,228000200,228000438,81-2,정보산업고교
1000002454,228000200,228000437,81-2,고림동훌랄라
1000002454,228000200,228001544,81-2,쌍용자동차
1000002454,228000200,228001753,81-2,GS주유소
1000002454,228000200,228000266,81-2,인정피렌체
1000002454,228000200,228001296,81-2,용샘주유소
1000002454,228000200,228000275,81-2,임원
1000002454,228000200,228001571,81-2,주북리
1000002454,228000200,228001752,81-2,주북2리
1000002454,228000200,228000265,81-2,주북리
1000002454,228000200,228000264,81-2,진성주유소앞
1000002454,228000200,228000263,81-2,주북1리
1000002454,228000200,228000262,81-2,주북1리
1000002454,228000200,228001749,81-2,약수가든
1000002454,228000200,228001748,81-2,배실
1000002454,228000200,228000764,81-2,양지면사무소
1000002454,228000200,228000762,81-2,양지면사무소
1000002454,228000200,228001748,81-2,배실
1000002454,228000200,228000260,81-2,약수가든
1000002454,228000200,228000259,81-2,주북1리
1000002454,228000200,228001750,81-2,주북1리
1000002454,228000200,228000257,81-2,진성주유소
1000002454,228000200,228000256,81-2,주북리
1000002454,228000200,228001751,81-2,주북2리
1000002454,228000200,228001577,81-2,주북리
1000002454,228000200,228000270,81-2,임원
1000002454,228000200,228001298,81-2,용샘주유소
1000002454,228000200,228000267,81-2,인정피렌체
1000003155,232000004,232000087,959,청룔회관
1000003155,232000004,232000086,959,김포대학
1000003155,232000004,232000531,959,김포대학차고지
1000002007,219000014,218000134,77,서재동입구
1000002007,219000014,218000078,77,행신동
1000002007,219000014,218000319,77,행신초등학교
1000002007,219000014,218000320,77,고양경찰서
1000002007,219000014,218000202,77,대곡역
1000002007,219000014,219000386,77,백송동
1000002007,219000014,219000385,77,백석역
1000001657,219000005,218000066,800,고양시청
1000001657,219000005,218000065,800,원릉역
1000002930,207000033,207000271,23,서중학교앞
1000002930,207000033,207000270,23,의정부의료원앞
1000002930,207000033,207000269,23,의정부역
1000002930,207000033,207000268,23,중앙로
1000002930,207000033,207000190,23,시외버스터미널앞
1000002930,207000033,207000135,23,신동아아파트
1000002930,207000033,207000134,23,벽산아파트앞
1000002930,207000033,207000133,23,우체국
1000002930,207000033,207000428,23,과학도서관
1000002930,207000033,207000132,23,경기도제2청사앞
1000002930,207000033,207000131,23,경기도제2청사앞
1000002930,207000033,207000130,23,효자초교
1000002930,207000033,207000129,23,송산주공1단지앞
1000002930,207000033,207000128,23,의정부노동부지청보건소동부지청
1000002930,207000033,207000249,23,송산주공6단지
1000002930,207000033,207000248,23,송산주공5단지아파트.송산주공3단지
1000002930,207000033,207000127,23,송현고등학교앞
1000002930,207000033,207000126,23,신안아파트(남문)
1000002930,207000033,207000291,23,민락중학교
1000002001,219000006,218000303,82,행주산성입구.행주내동
1000002001,219000006,218000208,82,맨들마을
1000002001,219000006,218000207,82,능곡화원
1000002001,219000006,218000082,82,토당초등학교.우창프라자
1000002001,219000006,218000081,82,행신동무원마을
1000002001,219000006,218000080,82,무원고등학교
1000002001,219000006,218000079,82,행신고교.행신5거리.소만초교
1000002001,219000006,218000078,82,가라뫼
1000002001,219000006,218000077,82,햇빛마을23단지
1000002001,219000006,218000076,82,행신초등학교
1000002001,219000006,218000075,82,GS마트
1000002001,219000006,218000074,82,화정2동사무소
1000002001,219000006,218000073,82,근린공원앞
1000002001,219000006,218000019,82,화정역.롯데마트.세이브존
1000002001,219000006,218000072,82,덕양구청
1000002001,219000006,218000071,82,단독주택단지
1000002001,219000006,218000070,82,은빛마을5단지.신성아파트.명지병원
1000002001,219000006,218000069,82,화정1동사무소.달빛마을2단지
1000002001,219000006,218000068,82,달빛마을1단지.덕양어울림누리.동부아파트
1000002001,219000006,218000067,82,성사2동사무소.신원당아파트.신원당마을입구
1000002001,219000006,218000066,82,고양시청
1000002001,219000006,218000065,82,원릉역
1000002001,219000006,218000064,82,윗배다리
1000002001,219000006,218000063,82,부대앞
1000002001,219000006,218000062,82,왕능골삼거리
1000002001,219000006,218000061,82,삼능역
1000002001,219000006,218000060,82,청대골입구
1000002001,219000006,218000059,82,남북농원.주주테마동물원
1000002001,219000006,218000335,82,월현상회
1000002001,219000006,218000028,82,관산삼거리.벽제주유소
1000002001,219000006,218000027,82,두포동
1000002001,219000006,218000026,82,가장동
1000002001,219000006,218000025,82,고골
1000002001,219000006,218000024,82,고양정신병원
1000002001,219000006,218000023,82,내유초등학교
1000002001,219000006,218000022,82,윗내유동.희망양로원
1000002001,219000006,218000493,82,아랫내유동
1000002001,219000006,218000466,82,신성슈퍼
1000002001,219000006,218000229,82,내유동종점
1000001657,219000005,218000079,800,행신고교.행신5거리.소만초교
1000001657,219000005,218000146,800,가라뫼
1000001657,219000005,218000145,800,서재동입구
1000001657,219000005,218000144,800,화도교
1000001657,219000005,218000143,800,화전역앞사거리
1000001657,219000005,218000142,800,항공대입구
1000001657,219000005,218000140,800,덕은동
1000001657,219000005,218000139,800,덕은동
1000001657,219000005,218000137,800,항공대입구
1000001657,219000005,218000136,800,화전역앞사거리
1000001657,219000005,218000135,800,화도교
1000001657,219000005,112000027,800,구성산회관.연희104고지
1000001657,219000005,112000010,800,서대문우체국
1000001657,219000005,112000012,800,연세대학교
1000001657,219000005,112000127,800,신촌기차역
1000001657,219000005,112000176,800,신촌역.현대백화점
1000001657,219000005,112000061,800,동교동삼거리
1000001657,219000005,112000064,800,연남동
1000001657,219000005,112000028,800,구성산회관.연희104고지
1000001657,219000005,112000006,800,가좌역.모래내시장
1000001657,219000005,112000004,800,북가좌요진아파트
1000001657,219000005,112000002,800,북가좌동삼거리
1000001657,219000005,111000008,800,수색전철역
1000001657,219000005,111000006,800,수색기차역.수색소방서
1000001657,219000005,111000004,800,수색교
1000001657,219000005,111000002,800,덕은교.은평공영차고지
1000002526,229000036,111000553,360,박석고개
1000002526,229000036,111000030,360,신한은행갈현지점
1000002526,229000036,111000554,360,연신내역
1000002526,229000036,111000286,360,연신내역
1000002526,229000036,111000032,360,동명여고
1000002526,229000036,111000556,360,불광동버스터미널(입구)
1000002941,207000027,109000001,36,도봉산역
1000001657,219000005,218000134,800,서재동입구
1000001657,219000005,218000087,800,가라뫼
1000001657,219000005,218000086,800,무원고등학교
1000001657,219000005,218000085,800,행신동아파트.SK아파트
1000001657,219000005,218000084,800,행신동삼거리
1000001657,219000005,218000133,800,시립행신도서관
1000001657,219000005,218000016,800,능곡중학교
1000001657,219000005,218000205,800,능곡고등학교
1000001657,219000005,218000489,800,능곡병원
1000001657,219000005,218000234,800,토당고가밑
1000001657,219000005,218000339,800,샘터마을3단지
1000001657,219000005,218000232,800,옥빛마을16단지
1000001657,219000005,218000020,800,고양경찰서
1000001657,219000005,218000019,800,화정역.세이브존.롯데마트
1000001657,219000005,218000072,800,덕양구청
1000001657,219000005,218000071,800,단독주택단지
1000001657,219000005,218000070,800,신안아파트.명지병원.달빛마을3단지
1000001657,219000005,218000069,800,화정1동사무소.달빛마을2단지
1000001657,219000005,218000068,800,달빛마을1단지.덕양어울림누리.동부아파트
1000001657,219000005,218000067,800,성사2동사무소.신원당아파트.신원당마을입구
1000002938,207000048,207000389,12-3,미군부대앞
1000002938,207000048,207000339,12-3,양지마을
1000002938,207000048,207100168,12-3,하동촌앞
1000002938,207000048,207000024,12-3,녹양교앞
1000002938,207000048,207000438,12-3,대원차고지
1000002941,207000027,215000088,36,생골사거리
1000002941,207000027,215000087,36,동두천중앙역
1000002941,207000027,215000004,36,공설시장앞
1000003155,232000004,232000357,959,천둥고개
1000003155,232000004,232000356,959,고촌
1000003155,232000004,219000386,959,백석동
1000003155,232000004,219000385,959,백석역
1000003155,232000004,219000453,959,흰돌마을
1000003155,232000004,219000383,959,마두역
1000003155,232000004,219000382,959,우방아파트앞
1000003155,232000004,219000381,959,동아아파트
1000003155,232000004,219000380,959,쌍용아파트
1000003155,232000004,219000455,959,풍산동사무소
1000003155,232000004,219000475,959,숲속.은행마을입구
1000003155,232000004,219000466,959,불교병원사거리
1000003155,232000004,219000582,959,동국대병원
1000003155,232000004,219000584,959,식사동차고지
1000003155,232000004,219000583,959,동국대병원
1000003155,232000004,219000465,959,불교병원사거리
1000003155,232000004,219000476,959,숲속.은행마을입구
1000003155,232000004,219000456,959,풍산동사무소
1000003155,232000004,219000373,959,쌍용아파트
1000003155,232000004,219000372,959,동아아파트
1000003155,232000004,219000371,959,우방아파트.강촌8단지앞
1000003155,232000004,219000370,959,마두역
1000003155,232000004,219000452,959,호수마을
1000003155,232000004,219000454,959,알미공원
1000003155,232000004,219000368,959,백석역
1000003155,232000004,219000163,959,백석동
1000003155,232000004,232000432,959,고촌
1000003155,232000004,232000431,959,천등고개
1000003155,232000004,232000430,959,장곡
1000003155,232000004,232000429,959,선수동
1000003155,232000004,232000428,959,조리미
1000003155,232000004,232000427,959,사우삼거리
1000003155,232000004,232000426,959,김포고앞
1000003155,232000004,232000333,959,한전앞
1000003155,232000004,232000330,959,한일아파트
1000003155,232000004,232000424,959,나진교
1000003155,232000004,232000423,959,한옥마을입구
1000003155,232000004,232000422,959,고창입구
1000003155,232000004,232000421,959,지경
1000003155,232000004,232000420,959,성창아파트입구
1000003155,232000004,232000419,959,바리미
1000003155,232000004,232000418,959,누산리
1000003155,232000004,232000417,959,석모리
1000003155,232000004,232000416,959,누산삼거리
1000003155,232000004,232000415,959,수참입구
1000003155,232000004,232000414,959,한들고개
1000003155,232000004,232000413,959,백석마을
1000003155,232000004,232000454,959,도소동
1000003155,232000004,232000412,959,도사리
1000003155,232000004,232000411,959,통진문화회관앞
1000003155,232000004,232000410,959,통진중고앞
1000003155,232000004,232000409,959,잿배기입구
1000003155,232000004,232000408,959,마송(완행)
1000003155,232000004,232000407,959,통진성당
1000003155,232000004,232000406,959,현대아파트
1000003155,232000004,232000405,959,청룡사입구
1000003155,232000004,232000404,959,공병중대앞
1000003155,232000004,232000384,959,용정3리
1000003155,232000004,232000402,959,갈산2리
1000003155,232000004,232000401,959,옥천탕
1000003155,232000004,232000400,959,오리정
1000003155,232000004,232000399,959,봉골마을
1000003155,232000004,232000131,959,분진중학교
1000003155,232000004,232000089,959,조각공원입구
1000003155,232000004,232000088,959,부대앞
1000002329,219000007,219000409,1008,일산터미널
1000003321,224000011,224000011,20-1,정왕역
1000003321,224000011,224000628,20-1,이마트
1000003321,224000011,224000601,20-1,산업기술대
1000003321,224000011,224000167,20-1,파인힐
1000003321,224000011,224000235,20-1,시화유통상가
1000003321,224000011,224000234,20-1,시흥우체국.전화국.lg마트입구
1000003321,224000011,224000166,20-1,신광테크
1000003321,224000011,224000629,20-1,동양중공업
1000003321,224000011,224000630,20-1,여천종합철강
1000003321,224000011,224000631,20-1,칩트론
1000003321,224000011,224000632,20-1,아폴로산업
1000003321,224000011,224000633,20-1,합동제작소
1000003321,224000011,217000003,20-1,두성특장차건너편
1000003321,224000011,217000343,20-1,삼지금속맞은편
1000003321,224000011,217000344,20-1,한국통합물류앞
1000003321,224000011,217000431,20-1,벽산철강(주)맞은편
1000003321,224000011,217000432,20-1,필립스
1000003321,224000011,217000433,20-1,스타전자
1000001453,234000315,206000243,9001,한솔주공5단지
1000001453,234000315,206000242,9001,신화아파트앞
1000001453,234000315,206000223,9001,한진8단지.정든마을
1000001453,234000315,206000043,9001,E-마트
1000001453,234000315,206000178,9001,한국가스공사
1000001453,234000315,206000177,9001,대원사거리
1000001453,234000315,206000176,9001,신원아파트
1000001453,234000315,206000175,9001,미금초등학교
1000001453,234000315,206000174,9001,오리초등학교
1000001453,234000315,206000173,9001,그랜드빌
1000001453,234000315,206000172,9001,건영아파트
1000001453,234000315,206000171,9001,신한아파트
1000001453,234000315,206000241,9001,농수산물센타
1000001453,234000315,228001143,9001,죽전중고등학교
1000001453,234000315,228001141,9001,동성아파트앞
1000001453,234000315,228001027,9001,한신.길훈아파트
1000001453,234000315,228001026,9001,대지초등학교앞
1000001453,234000315,228001025,9001,대일초교앞
1000001453,234000315,228001207,9001,도담마을아이파크
1000001453,234000315,228001024,9001,대지산공원
1000001453,234000315,228001757,9001,한국정보사회진흥원
1000001453,234000315,228001015,9001,주공아파트앞
1000001453,234000315,228001007,9001,성현마을2단지
1000001453,234000315,228001413,9001,성현마을2단지
1000001453,234000315,228001602,9001,다솔농장
1000001453,234000315,228001182,9001,죽전차고지
1000001999,219000002,219000412,77-2,대화동종점
1000001999,219000002,219000122,77-2,양우아파트.현대파크아파트
1000001999,219000002,219000121,77-2,송포농협.송포파출소
1000001999,219000002,219000120,77-2,건설센타후문
1000001999,219000002,219000119,77-2,대화중학교.종합운동장
1000001999,219000002,219000366,77-2,대화역
1000001999,219000002,219000365,77-2,일산백병원
1000001999,219000002,219000399,77-2,주엽고등학교
1000001999,219000002,219000116,77-2,문촌마을6.7단지.쌍용기산아파트
1000001999,219000002,219000398,77-2,유화프라자
1000001999,219000002,219000308,77-2,강선초등학교
1000001999,219000002,219000192,77-2,강선마을.태영프라자
1000001999,219000002,219000131,77-2,일산경찰서
1000001999,219000002,219000356,77-2,일산동구청
1000001999,219000002,219000382,77-2,강촌마을8단지.우방아파트.뉴코아백화점
1000001999,219000002,219000331,77-2,우방아파트.강촌마을8단지
1000001999,219000002,219000330,77-2,강촌마을2단지.한신아파트
1000001999,219000002,219000354,77-2,백석우체국
1000001999,219000002,219000353,77-2,백석8블럭.일산병원
1000001999,219000002,219000329,77-2,백석전철역.시외버스터미널
1000001999,219000002,219000163,77-2,백석동
1000001999,219000002,218000012,77-2,대곡역
1000001999,219000002,218000339,77-2,샘터마을3단지
1000001999,219000002,218000127,77-2,샘터3단지앞
1000001999,219000002,218000126,77-2,행신SK뷰아파트
1000001999,219000002,218000125,77-2,무안마을단독주택단지
1000001999,219000002,218000124,77-2,동신3단지
1000001999,219000002,218000123,77-2,소만마을6단지
1000001999,219000002,218000122,77-2,소만마을9단지.부영아파트
1000001999,219000002,218000146,77-2,가라뫼
1000001999,219000002,218000145,77-2,서재동
1000001999,219000002,218000144,77-2,화도교
1000001999,219000002,218000143,77-2,화전역앞
1000001999,219000002,218000302,77-2,항공대학교입구
1000001999,219000002,218000141,77-2,화전동사무소
1000003321,224000011,217000454,20-1,기숙사단지앞
1000003321,224000011,217000455,20-1,양문교회앞
1000003321,224000011,217000221,20-1,원곡고등학교
1000003321,224000011,217000220,20-1,원곡본동사무소앞
1000003321,224000011,217000301,20-1,안산역건너편
1000003321,224000011,217000322,20-1,일성신약건너편
1000003321,224000011,217000321,20-1,위스컴건너편
1000003321,224000011,217000320,20-1,우진공업
1000003321,224000011,217000319,20-1,대일보일러(주)
1000003321,224000011,217000318,20-1,정방기계앞
1000003321,224000011,217000029,20-1,오양기공(주)
1000002941,207000027,215000024,36,구)버스터미널앞
1000002941,207000027,215000023,36,공설시장앞
1000002941,207000027,215000046,36,동두천중앙역
1000002941,207000027,215000045,36,생골사거리
1000002941,207000027,215000044,36,대원빌라
1000002941,207000027,215000043,36,현대아파트
1000002941,207000027,215000042,36,중앙중.고
1000002941,207000027,215000041,36,지행동
1000002941,207000027,215000243,36,주유소앞
1000002941,207000027,215000040,36,송내광장
1000002941,207000027,215000015,36,송내상회앞
1000002941,207000027,215000014,36,송내삼거리
1000002941,207000027,235000700,36,봉양사거리
1000002941,207000027,235000035,36,사귀부대
1000002941,207000027,235000159,36,용암리
1000002941,207000027,235000158,36,구덕정사거리
1000002941,207000027,235000157,36,양주경찰서
1000002941,207000027,235000156,36,탑동
1000002941,207000027,235000915,36,오렌지아울렛
1000002941,207000027,235000155,36,벌말
1000002941,207000027,235000154,36,롯데마트앞
1000002941,207000027,235000153,36,KBS중계소
1000002941,207000027,235000152,36,우리은행앞
1000002941,207000027,235000440,36,덕계동
1000002941,207000027,235000439,36,명성아파트
1000002941,207000027,235000438,36,샘내고개
1000002941,207000027,235000437,36,샘내
1000002941,207000027,235000436,36,수색대앞
1000002941,207000027,235000243,36,양주시청
1000002941,207000027,235000242,36,양주역
1000002941,207000027,207000025,36,비석거리
1000002526,229000036,207000261,360,안골유원지앞.안골입구
1000002526,229000036,207000139,360,동명빌라앞
1000002526,229000036,207000138,360,상직동
1000002526,229000036,235000300,360,울대고개
1000002526,229000036,235000299,360,쌍용관사
1000002526,229000036,235000298,360,원각사
1000002526,229000036,235000297,360,송추
1000002526,229000036,235000296,360,느티나무
1000002526,229000036,235000295,360,검문소
1000002526,229000036,235000294,360,부곡리우리마을아파트
1000002526,229000036,235000293,360,목장
1000002526,229000036,235000292,360,신흥유원지
1000002526,229000036,235000291,360,장흥농협앞
1000002526,229000036,235000350,360,고가
1000002526,229000036,235000349,360,일영2리(샘밀)
1000002526,229000036,235000348,360,장흥교회
1000002526,229000036,235000347,360,삼상초교앞
1000002526,229000036,235000346,360,정자동다리
1000002526,229000036,235000345,360,삼상2리(재궁동)
1000002526,229000036,235000344,360,장자원입구
1000002526,229000036,235000343,360,변전소
1000002526,229000036,235000342,360,삼하리
1000002526,229000036,235000341,360,이수광선생묘앞
1000002526,229000036,218000262,360,오금동고개
1000002526,229000036,218000260,360,효자동삼막골
1000002526,229000036,218000259,360,참절
1000002526,229000036,218000258,360,효자동사무소앞
1000002526,229000036,218000257,360,지축동
1000002526,229000036,111000067,360,지축교앞
1000002526,229000036,111000070,360,진관내동한양주택
1000002526,229000036,111000033,360,구파발삼거리
1000002941,207000027,207000304,36,녹양역
1000002941,207000027,207000024,36,녹양교앞
1000002941,207000027,207000023,36,대원여객
1000002941,207000027,207000022,36,주택앞
1000002941,207000027,207000021,36,가능역
1000002941,207000027,207000034,36,보훈지청앞
1000002941,207000027,207000033,36,경찰서앞
1000002941,207000027,207000439,36,의정부동부역(흥선지하도)
1000002941,207000027,207000154,36,의정부3동우체국앞
1000002941,207000027,207000019,36,경찰청앞
1000002941,207000027,207000207,36,한신아파트앞
1000002941,207000027,207000069,36,회룡역앞
1000002941,207000027,207000068,36,호원중학교
1000002941,207000027,207000067,36,자동차검사소앞
1000002941,207000027,207000066,36,검문소앞
1000002941,207000027,207000065,36,병무청-안말입구
1000002941,207000027,207000064,36,장수원
1000002941,207000027,207000063,36,호원초교.아이파크
1000002941,207000027,207000062,36,롯데.신도아파트앞
1000002941,207000027,207000061,36,다락원앞
1000003081,229000030,218000220,100,동산삼거리
1000003081,229000030,218000219,100,삼송주유소앞
1000003081,229000030,218000218,100,기지청앞
1000003081,229000030,218000217,100,주택앞
1000003081,229000030,218000459,100,오금동
1000003081,229000030,218000215,100,뉴코리아앞
1000003081,229000030,218000214,100,지구레코드
1000003081,229000030,218000213,100,서울시장묘문화센터
1000003081,229000030,218000212,100,대자동
1000003081,229000030,218000032,100,필리핀참전비
1000003081,229000030,218000031,100,새서울아파트
1000003081,229000030,218000030,100,관상동사무소
1000003081,229000030,218000029,100,고양외고
1000003081,229000030,218000028,100,벽제주유소
1000003081,229000030,218000027,100,두포동
1000003081,229000030,218000026,100,가장동
1000003081,229000030,218000025,100,고골
1000003081,229000030,218000024,100,고양정신병원입구
1000003081,229000030,218000023,100,내유초등학교앞
1000003081,229000030,218000022,100,희망양로원앞
1000003081,229000030,218000111,100,아랫내유동
1000003081,229000030,219000577,100,지영동
1000003081,229000030,229000472,100,그린시티동문아파트
1000003081,229000030,229000471,100,대원3리
1000003081,229000030,229000470,100,운동장
1000003081,229000030,229000469,100,대원1리
1000001453,234000315,101000023,9001,서울역.숭례문.남대문입구
1000001453,234000315,101000001,9001,중앙극장.을지로입구
1000001453,234000315,102000071,9001,한남동.단국대학교
1000000048,222000048,106000049,166-1,동부제일교회
1000000048,222000048,106000046,166-1,금란교회
1000000048,222000048,106000043,166-1,하나은행망우동지점
1000000048,222000048,106000039,166-1,망우역
1000000048,222000048,106500001,166-1,망우역.상봉터미널
1000000048,222000048,106000003,166-1,7호선상봉역
1000000048,222000048,106000005,166-1,중화동동부시장
1000000048,222000048,105000009,166-1,중량교
1000000048,222000048,105000011,166-1,회기역.서울위생병원
1000003081,229000030,229000468,100,삼거리슈퍼
1000003081,229000030,229000478,100,한라비발디
1000003081,229000030,229000489,100,한라비발디
1000003081,229000030,229000477,100,대원리입구
1000003081,229000030,229000476,100,중원포장
1000003081,229000030,229000475,100,대원운동장
1000003081,229000030,229000474,100,대원3리
1000003081,229000030,229000473,100,그린시티동문아파트
1000002526,229000036,235000283,360,느티나무
1000002526,229000036,235000282,360,송추
1000002526,229000036,235000281,360,원각사
1000002526,229000036,235000280,360,쌍용관사
1000002526,229000036,235000279,360,울대고개
1000002526,229000036,207000137,360,상직동
1000002526,229000036,207000136,360,동명빌라앞
1000002526,229000036,207000274,360,안골
1000002526,229000036,207000273,360,가능3동주민센타
1000002526,229000036,207000035,360,흥선광장
1000002526,229000036,207000199,360,가능초교앞
1000002526,229000036,207000198,360,의정부여중
1000002526,229000036,207000034,360,보훈지청앞
1000002526,229000036,207000090,360,포천로터리
1000002526,229000036,207000354,360,의정부터미널
1000002526,229000036,207000196,360,신도브래뉴아파트
1000002526,229000036,207000168,360,신도.아남아파트앞
1000002526,229000036,207000200,360,신도아파트앞
1000002526,229000036,207000030,360,명물찌개거리
1000002526,229000036,207000152,360,중앙초교앞
1000002526,229000036,207000434,360,가능역앞
1000002526,229000036,207000194,360,수정아파트
1000002526,229000036,207000193,360,가능초교앞
1000002526,229000036,207000192,360,흥선광장
1000002526,229000036,207000262,360,가능3동주민센타앞
1000002941,207000027,207000060,36,다락원
1000002941,207000027,207000059,36,롯데.신도아파트앞
1000002941,207000027,207000058,36,호원초교.아이파크앞
1000002941,207000027,207000057,36,장수원
1000002941,207000027,207000056,36,병무청안말입구
1000002941,207000027,207000055,36,검문소앞
1000002941,207000027,207000054,36,한주아파트앞
1000002941,207000027,207000306,36,호원중학교
1000002941,207000027,207000053,36,회룡역앞
1000002941,207000027,207000003,36,의정부교앞
1000002941,207000027,207000002,36,경찰청앞
1000002941,207000027,207000088,36,경의초교앞
1000002941,207000027,207000188,36,국민은행앞(시장앞)
1000002941,207000027,207000037,36,구터미널앞
1000000048,222000048,105000012,166-1,위생병원
1000000048,222000048,105000010,166-1,중량교
1000000048,222000048,106000006,166-1,동부시장
1000000048,222000048,106000004,166-1,상봉역.중랑우체국
1000000048,222000048,106000002,166-1,상봉터미널.망우역
1000000048,222000048,106000040,166-1,망우역
1000000048,222000048,106000045,166-1,망우사거리.하나은행
1000000048,222000048,106000047,166-1,금란교회
1000000048,222000048,106000048,166-1,동부제일병원
1000001471,222000014,110000056,7-3,담터고개
1000001471,222000014,110000055,7-3,삼육대학교
1000002941,207000027,207000030,36,명물찌개거리
1000002941,207000027,207000152,36,중앙초교앞
1000002941,207000027,207000029,36,가능역
1000002941,207000027,207000028,36,주택앞
1000002941,207000027,207000027,36,진웨딩홀부페
1000002941,207000027,207000026,36,녹양역
1000002941,207000027,235000246,36,남방4거리
1000002941,207000027,235000942,36,양주역
1000002941,207000027,235000244,36,양주시청
1000002941,207000027,235000445,36,수색대앞
1000002941,207000027,235000444,36,샘내
1000002941,207000027,235000442,36,신우아파트앞
1000001657,219000005,218000212,800,대자동
1000001657,219000005,218000032,800,필리핀참전비
1000001657,219000005,218000031,800,새서울아파트
1000001657,219000005,218000030,800,관산동사무서
1000001657,219000005,218000029,800,백제중학교.고양외고
1000001657,219000005,218000028,800,관산삼거리.벽제주유소
1000001657,219000005,218000027,800,두포동
1000001657,219000005,218000026,800,가장동
1000001657,219000005,218000025,800,고골
1000001657,219000005,218000024,800,고양정신병원
1000001657,219000005,218000023,800,내유초등학교
1000001657,219000005,218000022,800,윗내유동.희망양로원
1000001657,219000005,218000493,800,내유동입구
1000001657,219000005,218000466,800,신성슈퍼
1000001657,219000005,218000229,800,내유동종점
1000002329,219000007,219000238,1008,일산터미널
1000002329,219000007,219000403,1008,씨티프라자
1000002329,219000007,219000402,1008,일신건영휴먼빌
1000002329,219000007,219000401,1008,신원센스빌2차아파트
1000002329,219000007,219000134,1008,성저초등학교
1000002329,219000007,219000133,1008,농수산물센터
1000002329,219000007,219000118,1008,대진고등학교
1000002329,219000007,219000117,1008,연세프라자
1000002329,219000007,219000116,1008,문촌마을6.7단지.쌍용아파트.기산아파트
1000002329,219000007,219000398,1008,유화프라자
1000001999,219000002,219000340,77-2,대화양우아파트
1000001999,219000002,219000400,77-2,대화동종점
1000002007,219000014,219000403,77,씨티프라자
1000002007,219000014,219000402,77,일신건영휴먼빌앞
1000002007,219000014,219000401,77,신원아파트앞
1000002007,219000014,219000134,77,성저초등학교
1000002007,219000014,219000133,77,농수산물도매시장
1000002007,219000014,219000132,77,예비군훈련장
1000002007,219000014,219000343,77,대화중학교.고양종합운동장
1000002007,219000014,219000342,77,건설센타후문
1000002007,219000014,219000341,77,송포농협
1000002329,219000007,219000163,1008,백석동
1000002329,219000007,218000012,1008,대곡역
1000002329,219000007,218000020,1008,고양경찰서
1000002329,219000007,218000019,1008,화정역.세이브존.롯데마트
1000002329,219000007,218000011,1008,부영아파트.은빛마을6단지
1000002329,219000007,218000010,1008,근린공원
1000002329,219000007,218000018,1008,능곡병원
1000002329,219000007,218000009,1008,능곡고등학교
1000002329,219000007,218000017,1008,능곡중학교
1000002329,219000007,218000008,1008,능곡전화국
1000002329,219000007,218000007,1008,능곡화원
1000002329,219000007,218000006,1008,맨들
1000002329,219000007,218000211,1008,행주산성입구.행주내동
1000002329,219000007,218000210,1008,난지도하수처리장
1000002329,219000007,218000209,1008,상암주유소앞
1000002329,219000007,218000230,1008,난지도하수처리장
1000002329,219000007,218000303,1008,행주산성입구.행주내동
1000002329,219000007,218000208,1008,맨들
1000002329,219000007,218000207,1008,능곡화원
1000002329,219000007,218000206,1008,능곡전화국
1000002329,219000007,218000016,1008,능곡중학교
1000002329,219000007,218000205,1008,능곡고등학교
1000002329,219000007,218000489,1008,능곡병원
1000002329,219000007,218000204,1008,별빛마을9단지.근리공원
1000002931,207000026,207000066,133,검문소앞
1000002931,207000026,207000065,133,병무청.안말입구
1000002931,207000026,207000064,133,장수원
1000002931,207000026,207000063,133,호원초교.아이파크
1000002931,207000026,207000062,133,롯데.신도아파트앞
1000002931,207000026,207000061,133,다락원앞
1000002931,207000026,207000060,133,다락원
1000001474,234000015,123000102,1007,일신여상.잠실여고
1000001474,234000015,123000298,1007,가락시장북문
1000001495,234000033,104000081,11-1,워커힐호텔
1000001495,234000033,123000022,11-1,천호역.풍납토성
1000002931,207000026,207000359,133,의정부시청앞
1000002931,207000026,207000223,133,시청앞
1000002931,207000026,207000222,133,흥선교앞
1000002931,207000026,207000262,133,가능3동주민센터
1000002931,207000026,207000261,133,안골유원지앞
1000002931,207000026,207000435,133,경민학교
1000002931,207000026,207000259,133,미1군단앞
1000002931,207000026,207000221,133,율림주택앞
1000002931,207000026,207000220,133,의정부고앞(법원앞)
1000002931,207000026,207000158,133,녹양현대힐스테이트아파트앞
1000002931,207000026,207000157,133,현대아파트앞
1000002931,207000026,207000314,133,녹양초교
1000002931,207000026,207000312,133,녹양역
1000002931,207000026,235000246,133,남방4거리
1000002931,207000026,235000942,133,양주역
1000002931,207000026,235000237,133,양주시청
1000002931,207000026,235000912,133,남방2교
1000002931,207000026,235000548,133,의무대앞
1000002931,207000026,235000236,133,향교앞(별산대놀이전수관)
1000002931,207000026,235000235,133,유양초등학교
1000002931,207000026,235000234,133,유양1통
1000002931,207000026,235000233,133,유양공단
1000002931,207000026,235000232,133,유양공단
1000002931,207000026,235000231,133,오산삼거리
1000002931,207000026,235000230,133,무태안.대교아파트
1000002931,207000026,235000435,133,고릉말
1000002931,207000026,235000434,133,26사단
1000002931,207000026,235000433,133,방성5리
1000002931,207000026,235000557,133,능안공단
1000002931,207000026,235000432,133,능안말
1000002931,207000026,235000431,133,진웅산업
1000002931,207000026,235000430,133,봉재래미콘
1000002931,207000026,235000941,133,조양중학교
1000002931,207000026,235000376,133,가래비주유소
1000002931,207000026,235000044,133,가래비시장
1000002931,207000026,235000699,133,성우아파트
1000002931,207000026,235000151,133,희망아파트
1000002931,207000026,235000150,133,시립공원묘지
1000002931,207000026,235000149,133,석우리
1000002931,207000026,235000148,133,풀무골
1000002931,207000026,235000816,133,가납리차고지
1000001811,227000009,227000194,80,마루공원
1000001811,227000009,227000089,80,하남등기소입구
1000001811,227000009,227000088,80,정심사입구
1000001811,227000009,227000087,80,검단산입구.한국애니메이션고교
1000001811,227000009,227000038,80,신안아파트후문
1000001811,227000009,227000037,80,신안아파트정문.동천연립앞
1000001811,227000009,227000036,80,창우초등학교
1000002526,229000036,111000295,360,구파발역
1000001474,234000015,123000110,1007,송파입구.송파사거리
1000001474,234000015,123000109,1007,석촌역.석촌호수
1000002290,234000033,101000253,11-1,워커힐아파트
1000002526,229000036,111000477,360,구파발역
1000001453,234000315,102000069,9001,한남동.단국대학교
1000001474,234000015,123000093,1007,석촌역.석촌호수
1000001474,234000015,123000103,1007,송파입구.송파사거리
1000001495,234000033,101000253,11-1,워커힐아파트
1000002942,207000028,235000243,37,양주시청
1000002942,207000028,235000242,37,양주역
1000002942,207000028,207000025,37,비석거리
1000002942,207000028,207000304,37,녹양역
1000002942,207000028,207000024,37,녹양교앞
1000002942,207000028,207000023,37,대원여객
1000002942,207000028,207000022,37,주택앞
1000002942,207000028,207000021,37,가능역
1000002942,207000028,207000034,37,보훈지청앞
1000002942,207000028,207000033,37,경찰서앞
1000002942,207000028,207000439,37,의정부동부역(흥선지하도)
1000002942,207000028,207000154,37,의정부3동우체국앞
1000002942,207000028,207000019,37,경찰청앞
1000002942,207000028,207000207,37,한신아파트앞
1000002942,207000028,207000069,37,회룡역앞
1000002942,207000028,207000068,37,호원중학교앞
1000002942,207000028,207000067,37,자동차검사소앞
1000002942,207000028,207000066,37,검문소앞
1000002942,207000028,207000065,37,병무청-안말입구
1000002942,207000028,207000064,37,장수원
1000002942,207000028,207000063,37,호원초교.아이파크
1000002942,207000028,207000062,37,롯데.신도아파트앞
1000002942,207000028,235000166,37,우리은행앞
1000002942,207000028,235000165,37,KBS중계소
1000002942,207000028,235000164,37,범양아파트
1000002942,207000028,235000163,37,벌말
1000002942,207000028,235000914,37,오렌지아울렛
1000002942,207000028,235000481,37,탑동
1000002942,207000028,235000162,37,양주경찰서
1000002942,207000028,235000161,37,덕정사거리
1000002942,207000028,235000160,37,용암2리
1000002942,207000028,235000038,37,사귀부대앞
1000002942,207000028,235000701,37,봉양1통
1000002942,207000028,215000013,37,송내삼거리
1000002942,207000028,215000155,37,아차노리입구
1000002942,207000028,215000012,37,송내상회앞
1000002942,207000028,215000039,37,송내동
1000002942,207000028,215000038,37,지행동
1000002942,207000028,215000037,37,중앙중.고
1000002942,207000028,215000036,37,현대아파트
1000002942,207000028,215000035,37,대원빌라
1000002942,207000028,215000088,37,생골사거리
1000002942,207000028,215000087,37,동두천중앙역
1000002942,207000028,215000004,37,공설시장앞
1000002942,207000028,215000003,37,구)버스터미널앞
1000002942,207000028,215000002,37,서울병원사거리
1000002942,207000028,215000001,37,문화극장앞
1000002942,207000028,215000059,37,(구)동연파출소
1000002942,207000028,215000058,37,보영여중.고
1000002942,207000028,215000057,37,새마을금고앞
1000002941,207000027,235000441,36,덕계동
1000002941,207000027,235000166,36,우리은행앞
1000002941,207000027,235000165,36,KBS중계소
1000002941,207000027,235000164,36,범양아파트
1000002941,207000027,235000163,36,벌말
1000002941,207000027,235000914,36,오렌지아울렛
1000002941,207000027,235000481,36,탑동
1000002941,207000027,235000162,36,양주경찰서
1000002941,207000027,235000161,36,덕정사거리
1000002941,207000027,235000160,36,용암2리
1000002941,207000027,235000038,36,사귀부대앞
1000002941,207000027,235000701,36,봉양1통
1000002941,207000027,215000013,36,송내삼거리
1000002941,207000027,215000155,36,아차노리입구
1000002941,207000027,215000012,36,송내상회앞
1000002941,207000027,215000039,36,송내동
1000002941,207000027,215000242,36,주유소앞
1000002941,207000027,215000038,36,지행동
1000002941,207000027,215000037,36,중앙중.고
1000002941,207000027,215000036,36,현대아파트
1000002941,207000027,215000035,36,대원빌라
1000002938,207000048,207000437,12-3,대원차고지
1000002938,207000048,207000027,12-3,진웨딩홀부페앞
1000002938,207000048,207000390,12-3,녹양역
1000002938,207000048,207000430,12-3,하동촌앞
1000002938,207000048,207000432,12-3,양지마을
1000002938,207000048,207000433,12-3,미군부대앞
1000002938,207000048,207000196,12-3,신도브레뉴아파트
1000002938,207000048,207000165,12-3,벽산아파트앞
1000002938,207000048,207000087,12-3,신곡중학교앞
1000002938,207000048,207000086,12-3,은하수아파트앞
1000002938,207000048,207000085,12-3,굿모닝마트
1000002938,207000048,207000084,12-3,신곡주택앞
1000002938,207000048,207000012,12-3,서해아파트앞
1000002938,207000048,207000007,12-3,주공5단지앞
1000002938,207000048,207000280,12-3,장암주공앞
1000002938,207000048,207000282,12-3,빠꾸떼식당
1000002938,207000048,207000284,12-3,장암역입구
1000002290,234000033,106000204,11-1,신내검문소
1000002290,234000033,106000206,11-1,신내능마을
1000002290,234000033,104000081,11-1,워커힐호텔
1000002290,234000033,123000022,11-1,풍납토성
1000002290,234000033,124000030,11-1,천호사거리.천호역
1000002290,234000033,124000026,11-1,강동전철역
1000002290,234000033,124000024,11-1,길동사거리
1000002290,234000033,124000022,11-1,둔촌2동사무소
1000002290,234000033,124000020,11-1,둔촌동진흥아파트
1000002290,234000033,124000018,11-1,둔촌동프라자아파트
1000002290,234000033,124000019,11-1,둔촌동진흥아파트
1000002290,234000033,124000021,11-1,둔촌2동사무소
1000002938,207000048,207000285,12-3,석림사입구
1000002938,207000048,207000283,12-3,쌍암사입구
1000002938,207000048,207000281,12-3,장암우성앞
1000002938,207000048,207000015,12-3,풍림아파트
1000002938,207000048,207000010,12-3,서해아파트
1000002938,207000048,207000083,12-3,신곡주택앞
1000002938,207000048,207000082,12-3,추동아파트앞
1000002938,207000048,207000081,12-3,신곡초등학교
1000002938,207000048,207000080,12-3,신곡중학교앞
1000002938,207000048,207000134,12-3,벽산아파트앞
1000002938,207000048,207000423,12-3,주공4단지앞
1000002938,207000048,207000340,12-3,금오중
1000002938,207000048,207000388,12-3,광성운수앞
1000002942,207000028,207000060,37,다락원
1000002942,207000028,207000059,37,롯대.신도아파트앞
1000002942,207000028,207000058,37,호암초교.아이파크앞
1000002942,207000028,207000057,37,장수원
1000002942,207000028,207000056,37,병무청안말입구
1000002942,207000028,207000055,37,검문소앞
1000002942,207000028,207000054,37,한주아파트앞
1000002942,207000028,207000306,37,호원중학교
1000002942,207000028,207000053,37,회룡역앞
1000002942,207000028,207000003,37,의정부고교앞
1000002942,207000028,207000002,37,경찰청앞
1000002942,207000028,207000001,37,의정부3동우체국앞
1000002942,207000028,207000153,37,의정부역
1000002942,207000028,207000152,37,중앙초교앞
1000002942,207000028,207000029,37,가능역
1000002942,207000028,207000028,37,주택앞
1000002942,207000028,207000027,37,진웨딩홀부페앞
1000002942,207000028,207000026,37,녹양역
1000002942,207000028,235000246,37,남방4거리
1000002942,207000028,235000942,37,양주역
1000002942,207000028,235000244,37,양주시청
1000002942,207000028,235000445,37,수색대앞
1000002942,207000028,235000444,37,샘내
1000002942,207000028,235000443,37,샘내고개
1000002942,207000028,235000442,37,신우아파트앞
1000002942,207000028,235000441,37,덕계동
1000003081,229000030,218000154,100,필리핀참전비
1000003081,229000030,218000153,100,대자동
1000003081,229000030,218000152,100,서울시장묘문화센타
1000002290,234000033,124000023,11-1,길동사거리
1000002290,234000033,124000025,11-1,강동역.현강여자정보고등학교
1000002290,234000033,124000027,11-1,천호역.천호사거리
1000002290,234000033,104000080,11-1,워커힐아파트앞
1000002290,234000033,106000205,11-1,신내능마을
1000002290,234000033,106000203,11-1,신내검문소
1000001474,234000015,122000301,1007,수서역
1000001495,234000033,124000030,11-1,천호역.현대백화점
1000001495,234000033,124000026,11-1,강동전철역.강동성심병원
1000001495,234000033,124000024,11-1,강동성심병원.길동사거리
1000001495,234000033,124000022,11-1,둔촌2동사무소.보훈병원
1000001495,234000033,124000020,11-1,한화증권.둔촌동진흥아파트
1000001495,234000033,124000018,11-1,둔촌프라자아파트.GS강동자이아파트.신동아아파트
1000001495,234000033,124000019,11-1,둔촌동진흥아파트
1000002931,207000026,207000059,133,롯데.신도아파트앞
1000002931,207000026,207000058,133,호암초교.아이파크
1000002931,207000026,207000057,133,장수원
1000002931,207000026,207000056,133,병무청안말입구
1000002931,207000026,207000055,133,검문소앞
1000002931,207000026,207000054,133,한주아파트앞
1000002931,207000026,207000306,133,호원중학교
1000002931,207000026,207000053,133,회룡역앞
1000002931,207000026,207000328,133,한신아파트
1000002931,207000026,207000327,133,뉴삼익2차아파트
1000002931,207000026,207000324,133,삼익3차아파트앞.호원가든1차
1000002931,207000026,207000323,133,삼성교회
1000002931,207000026,207000321,133,동화아파트앞
1000002931,207000026,207000319,133,범골입구
1000002931,207000026,207000316,133,청소년회관앞
1000003081,229000030,229001310,100,대원초교
1000003081,229000030,219000576,100,대원리
1000003081,229000030,219000578,100,충성교육대앞
1000003081,229000030,218000165,100,아랫내유동
1000003081,229000030,218000164,100,희망양로원
1000003081,229000030,218000163,100,내유초등학교
1000003081,229000030,218000162,100,고골
1000003081,229000030,218000161,100,가장동
1000003081,229000030,218000160,100,두포동
1000003081,229000030,218000159,100,관산삼거리
1000003081,229000030,218000158,100,벽제중.고등학교
1000003081,229000030,218000157,100,벽제주공아파트
1000003081,229000030,218000156,100,관산동사무소
1000003081,229000030,218000155,100,신성아파트앞
1000002329,219000007,219000308,1008,강선초등학교
1000002329,219000007,219000192,1008,강선마을
1000002329,219000007,219000131,1008,일산경찰서
1000002329,219000007,219000356,1008,일산동구청
1000002329,219000007,219000382,1008,우방아파트.강촌마을8단지.뉴코아백화점
1000002329,219000007,219000331,1008,강촌마을8단지.우방아파트
1000002329,219000007,219000330,1008,강총마을2단지.한신아파트
1000002329,219000007,219000354,1008,백석우체국
1000002329,219000007,219000353,1008,일산병원.백석동8블럭
1000002329,219000007,219000329,1008,백석전철역.시외버스터미널
1000003081,229000030,111000033,100,구파발삼거리
1000002526,229000036,111000040,360,구파발삼거리
1000002526,229000036,111000069,360,진관내동한양주택
1000002526,229000036,111000066,360,지축교앞
1000002526,229000036,218000266,360,지축동
1000002526,229000036,218000265,360,효자동사무소앞
1000002526,229000036,218000264,360,참절
1000002526,229000036,218000263,360,오금동
1000002526,229000036,218000261,360,오금동고개
1000002526,229000036,235000340,360,비석거리
1000002526,229000036,235000339,360,삼하리
1000002526,229000036,235000338,360,변전소
1000002526,229000036,235000337,360,장자원.덕매유원지
1000002526,229000036,235000336,360,삼상리명지풀장앞
1000002526,229000036,235000335,360,정자동자리.일영유원지
1000002526,229000036,235000334,360,일영유원지
1000000048,222000048,105000013,166-1,시조사삼거리
1000000048,222000048,105000014,166-1,떡전교사거리
1000000048,222000048,105000440,166-1,청량리정신병원
1000000048,222000048,105000211,166-1,청량리한신아파트
1000000048,222000048,105000194,166-1,홍능사거리
1000000048,222000048,105000196,166-1,동대문경찰서
1000000048,222000048,105000199,166-1,청량리시장.현대코아
1000000048,222000048,105000028,166-1,청량리역.미주상가
1000000048,222000048,105000030,166-1,시립대입구
1000000048,222000048,105000033,166-1,휘경동.시조사삼거리
1000002526,229000036,235000333,360,일영역
1000002526,229000036,235000332,360,장흥교회
1000002526,229000036,235000331,360,간촌상회
1000002942,207000028,215000056,37,미2사단정문
1000002942,207000028,215000055,37,북보산
1000002942,207000028,215000054,37,동보초등학교입구
1000002942,207000028,215000053,37,동두천역
1000002942,207000028,215000052,37,오렌지마트
1000002942,207000028,215000051,37,창말
1000002942,207000028,215000050,37,원각사
1000002942,207000028,215000049,37,지방산업단지앞
1000002942,207000028,215000048,37,성보주택
1000002942,207000028,215000047,37,소요산역앞
1000002942,207000028,215000217,37,소요산차고지
1000002931,207000026,235000782,133,가납리차고지
1000002931,207000026,235000138,133,풀무골
1000002931,207000026,235000137,133,석우리
1000002931,207000026,235000136,133,의정부시립묘지
1000002931,207000026,235000135,133,희망아파트
1000002931,207000026,235000698,133,성우아파트
1000002931,207000026,235000039,133,가래비시장
1000002931,207000026,235000375,133,가래비주유소
1000002931,207000026,235000379,133,가납초교
1000002931,207000026,235000429,133,봉재레미콘앞
1000002931,207000026,235000428,133,진웅산업
1000002931,207000026,235000427,133,능안말
1000002931,207000026,235000558,133,능안공단
1000002931,207000026,235000426,133,방성5리
1000002931,207000026,235000425,133,26사단
1000002931,207000026,235000424,133,고릉말
1000002931,207000026,235000229,133,무태안(대교아파트)
1000002931,207000026,235000228,133,오산삼거리
1000002931,207000026,235000227,133,유양공단
1000002931,207000026,235000226,133,유양공단
1000002931,207000026,235000225,133,유양1통
1000002931,207000026,235000224,133,유양초등학교
1000002931,207000026,235000223,133,향교앞(별산대놀이공연장)
1000002931,207000026,235000547,133,의무대앞
1000002931,207000026,235000913,133,남방2교
1000002931,207000026,235000222,133,양주시청
1000002931,207000026,235000242,133,양주역
1000002931,207000026,207000025,133,비석거리
1000002931,207000026,207000311,133,녹양역
1000002931,207000026,207000313,133,녹양초교
1000002931,207000026,207000074,133,녹양현대아파트
1000002931,207000026,207000073,133,녹양현대힐스테이트아파트앞
1000002931,207000026,207000072,133,의고앞
1000002931,207000026,207000276,133,미2사단앞
1000002931,207000026,207000275,133,경민학교앞
1000002931,207000026,207000274,133,안골
1000002931,207000026,207000273,133,가능3동주민센터
1000002931,207000026,207000071,133,흥선교앞
1000002931,207000026,207000070,133,시청.세무서앞
1000002931,207000026,207000436,133,정보도서관
1000002931,207000026,207000317,133,예술의전당
1000002931,207000026,207000318,133,범골입구
1000002931,207000026,207000320,133,동화아파트앞
1000002931,207000026,207000322,133,삼성교회
1000002931,207000026,207000325,133,호원가든3차
1000002931,207000026,207000326,133,호원가든2차
1000002931,207000026,207000329,133,한신아파트
1000002931,207000026,207000069,133,회룡역앞
1000002931,207000026,207000068,133,호원중학교앞
1000002931,207000026,207000067,133,자동차검사소앞
1000002526,229000036,235000330,360,고가
1000002526,229000036,235000288,360,장흥
1000002526,229000036,235000287,360,신흥유원지
1000002526,229000036,235000286,360,그랜드유원지
1000002526,229000036,235000285,360,우리아파트
1000002526,229000036,235000284,360,검문소
1000001453,234000315,101000002,9001,중앙극장.을지로입구
1000001453,234000315,100000088,9001,종로2가
1000001453,234000315,100000097,9001,종로2가.종각YMCA
1000001453,234000315,100000169,9001,조계사.인사동
1000001453,234000315,100000174,9001,세종문화회관.광화문
1000001453,234000315,101000128,9001,숭례문.삼성프라자
1000002941,207000027,109000013,36,도봉구민회관
1000002941,207000027,109000015,36,쌍문역
1000002941,207000027,109000017,36,우이1교앞
1000002941,207000027,108000001,36,수유3동우체국
1000002941,207000027,108000003,36,수유역.강북구청
1000002941,207000027,108000004,36,수유역.강북구청
1000002941,207000027,108000002,36,수유3동우체국
1000002941,207000027,109000018,36,우이1교앞
1000002941,207000027,109000016,36,쌍문역
1000002941,207000027,109000014,36,도봉구민회관
1000002941,207000027,109000012,36,도봉보건소
1000002941,207000027,109000010,36,도봉소방서
1000002941,207000027,109000008,36,신도봉사거리
1000002941,207000027,109000006,36,도봉역(성황당)
1000002941,207000027,109000004,36,도봉한신아파트
1000002941,207000027,109000002,36,도봉산역
1000002938,207000048,110000102,12-3,노원마을
1000002938,207000048,110000104,12-3,수락초등학교
1000002938,207000048,110000106,12-3,은빛2단지아파트
1000002938,207000048,110000097,12-3,수락산역
1000002938,207000048,110000098,12-3,노일초등학교
1000002938,207000048,110000167,12-3,상계주공15단지
1000002938,207000048,110000168,12-3,상계주공11단지
1000002938,207000048,110000087,12-3,상계주공7단지715동
1000002938,207000048,110000088,12-3,상계주공7단지
1000002938,207000048,110000093,12-3,온곡중학교노원정보도서관
1000002938,207000048,110000108,12-3,상계초등학교
1000002938,207000048,110000641,12-3,노원역9번출구
1000002938,207000048,110000085,12-3,도봉면허시험장
1000002938,207000048,110000083,12-3,상계주공7단지
1000002938,207000048,110000080,12-3,상계주공9단지
1000002938,207000048,110000173,12-3,상계주공12단지
1000002938,207000048,110000172,12-3,상계주공14.15단지앞
1000002938,207000048,110000099,12-3,노원초등학교
1000002938,207000048,110000096,12-3,수락산역
1000002938,207000048,110000107,12-3,홍파복지원
1000002938,207000048,110000105,12-3,수락중고등학교.수락초등학교
1000002938,207000048,110000404,12-3,노원마을
1000002942,207000028,108000003,37,수유역.강북구청
1000002942,207000028,108000004,37,수유역.강북구청
1000002942,207000028,108000002,37,수유3동우체국
1000002942,207000028,109000018,37,우이1교앞
1000002942,207000028,109000016,37,쌍문역
1000002942,207000028,109000014,37,도봉구민회관
1000002942,207000028,109000012,37,도봉보건소
1000002942,207000028,109000010,37,도봉소방서
1000002942,207000028,109000008,37,신도봉사거리
1000002942,207000028,109000006,37,도봉역(성황당)
1000002942,207000028,109000004,37,도봉한신아파트
1000002942,207000028,109000002,37,도봉산역
1000002931,207000026,109000001,133,도봉산역
1000002931,207000026,109000003,133,도봉한신아파트
1000002931,207000026,109000005,133,도봉역(성황당)
1000002931,207000026,109000007,133,신도봉사거리
1000002931,207000026,109000009,133,도봉소방서
1000002931,207000026,109000011,133,도봉보건소
1000002931,207000026,109000013,133,도봉구민회관
1000002931,207000026,109000015,133,쌍문역
1000002931,207000026,109000017,133,우이1교앞
1000002931,207000026,108000001,133,수유3동우체국
1000002931,207000026,108000003,133,수유역.강북구청
1000002931,207000026,108000004,133,수유역.강북구청
1000002931,207000026,108000002,133,수유3동우체국
1000002931,207000026,109000018,133,우이1교앞
1000002931,207000026,109000016,133,쌍문역
1000002931,207000026,109000014,133,도봉구민회관
1000002931,207000026,109000012,133,도봉보건소
1000002931,207000026,109000010,133,도봉소방서
1000002931,207000026,109000008,133,신도봉사거리
1000002931,207000026,109000006,133,도봉역(성황당)
1000002931,207000026,109000004,133,도봉한신아파트
1000002931,207000026,109000002,133,도봉산역
1000001811,227000009,124000087,80,동북고등학교
1000001811,227000009,124000138,80,한국전력
1000001811,227000009,124000135,80,둔촌역
1000001811,227000009,123000145,80,동북중고교
1000002009,219000027,112000012,1900,연세대학교입구
1000002009,219000027,100000034,1900,광화문
1000002009,219000027,101000128,1900,삼정프라자.숭례문
1000002009,219000027,101000026,1900,숭례문.서울역.남대문입구
1000002009,219000027,112000013,1900,연세대학교입구
1000002942,207000028,109000001,37,도봉산역
1000002942,207000028,109000003,37,도봉한신아파트
1000002942,207000028,109000005,37,도봉역(성황당)
1000002942,207000028,109000007,37,신도봉사거리
1000002942,207000028,109000009,37,도봉소방서
1000002942,207000028,109000011,37,도봉보건소
1000002942,207000028,109000013,37,도봉구민회관
1000002942,207000028,109000015,37,쌍문역
1000002942,207000028,109000017,37,우이1교앞
1000002942,207000028,108000001,37,수유3동우체국
1000001471,222000014,110000652,7-3,국민체력센타
1000002577,210000042,115000588,59,화곡역
1000001472,222000015,110000652,73,국민체력센타
1000002301,228000179,123000110,1001,송파사거리
1000002301,228000179,123000109,1001,석촌호수
1000001453,234000315,102000069,9001,단국대학교앞
1000002301,228000179,123000093,1001,석촌호수
1000002301,228000179,123000103,1001,송파입구
1000002301,228000179,123000102,1001,일신여상
1000002301,228000179,123000294,1001,가락시장
1000003081,229000030,111000477,100,구파발역
1000003081,229000030,111000295,100,구파발역
1000002525,229000032,111000477,34,구파발역
1000001811,227000009,227000035,80,한국아파트앞
1000001811,227000009,227000034,80,하남시청
1000001811,227000009,227000033,80,장지마을앞
1000001811,227000009,227000125,80,농협앞
1000001811,227000009,227000124,80,신장시장.GS마트
1000001811,227000009,227000123,80,남한고교앞
1000001811,227000009,227000122,80,덕풍현대.한국아파트
1000001811,227000009,227000121,80,법동
1000001811,227000009,227000120,80,서부농협앞
1000001811,227000009,227000119,80,춘궁동사무소
1000001811,227000009,227000118,80,이선산성입구
1000001811,227000009,227000117,80,고골낚시터
1000001811,227000009,227000116,80,정수장정문앞
1000001811,227000009,227000115,80,광암동.동성고입구
1000001811,227000009,227000114,80,광암변전소앞
1000001811,227000009,227000113,80,서부초등학교
1000001811,227000009,227000112,80,원호주택앞
1000001811,227000009,227000111,80,배다리앞
1000001811,227000009,227000110,80,배다리.서하남나들목
1000001811,227000009,227000109,80,원호주택
1000001811,227000009,227000108,80,서부초등학교
1000001811,227000009,227000107,80,광암변전소
1000001811,227000009,227000106,80,광암동
1000001811,227000009,227000105,80,정수장정문
1000001811,227000009,227000104,80,고골낚시터
1000001811,227000009,227000103,80,이성산성입구
1000001811,227000009,227000102,80,춘궁동사무소
1000001811,227000009,227000101,80,서부농협앞
1000001811,227000009,227000100,80,법동
1000001811,227000009,227000099,80,덕풍현대.한국아파트
1000001811,227000009,227000098,80,남한고교
1000001811,227000009,227000097,80,벽산아파트
1000001811,227000009,227000096,80,GS마트앞
1000001811,227000009,227000095,80,진모루마을
1000001811,227000009,227000138,80,하남공업사.동물병원
1000001811,227000009,227000137,80,지하차도앞
1000001811,227000009,227000136,80,하남시청
1000001811,227000009,227000135,80,베스코아.서원빌딩상가앞
1000001811,227000009,227000134,80,백송한신아파트
1000001811,227000009,227000133,80,소방서
1000001811,227000009,227000132,80,창우초교앞
1000001811,227000009,227000131,80,은행아파트.신안아파트정문
1000001811,227000009,227000130,80,신안아파트후문
1000001811,227000009,227000165,80,검단산입구.한국애니메이션고교
1000001811,227000009,227000085,80,정심사앞
1000001811,227000009,227000195,80,마루공원
1000002009,219000027,219000238,1900,일산터미널
1000002009,219000027,219000252,1900,북일산전화국
1000002009,219000027,219000251,1900,일산복음병원
1000002009,219000027,219000556,1900,구SBS스튜디오.안곡중학교
1000002009,219000027,219000464,1900,숲속마을7.9단지
1000002009,219000027,219000462,1900,숲속마을7.8단지
1000002009,219000027,219000460,1900,숲속마을4.5단지
1000002009,219000027,219000458,1900,풍동상가단지
1000002009,219000027,219000378,1900,풍동.은행마을입구
1000002009,219000027,218000346,1900,고양시청
1000002009,219000027,218000104,1900,성사2동사무소.신원당아파트.신원당마을입구
1000002009,219000027,218000102,1900,화정1동사무소.달빛마을2단지
1000002009,219000027,218000101,1900,달빛신안아파트.명지병원
1000002009,219000027,218000100,1900,단독주택단지
1000002009,219000027,218000099,1900,덕양구청.화정역
1000002009,219000027,218000014,1900,별빛부영8단지.롯데마트
1000002009,219000027,218000317,1900,행신초등학교
1000002009,219000027,218000318,1900,행신동
1000002009,219000027,218000142,1900,항공대입구
1000002009,219000027,101000007,1900,북창동
1000002009,219000027,100000005,1900,교보문고
1000002009,219000027,218000137,1900,항공대입구
1000002009,219000027,218000078,1900,행신동
1000002009,219000027,218000319,1900,행신초등학교
1000002009,219000027,218000019,1900,화정역.세이브존.롯데마트
1000002009,219000027,218000072,1900,덕양구청
1000002009,219000027,218000071,1900,단독주택단지
1000002009,219000027,218000070,1900,신안아파트.명지병원.달빛마을3단지
1000002009,219000027,218000069,1900,화정1동사무소.달빛마을2단지
1000002009,219000027,218000067,1900,성사2동사무소.신원당아파트.신원당마을입구
1000002009,219000027,218000345,1900,고양시청
1000002009,219000027,219000375,1900,풍동.은행마을입구
1000002009,219000027,219000457,1900,풍동상가단지
1000002009,219000027,219000459,1900,숲속마을4.5단지
1000002009,219000027,219000461,1900,숲속마을7.8단지
1000002009,219000027,219000463,1900,숲속마을7.9단지
1000002009,219000027,219000558,1900,구SBS스튜디오.산들고등학교
1000002009,219000027,219000240,1900,일산복음병원
1000002009,219000027,219000239,1900,일산2동사무소
1000002009,219000027,219000100,1900,일산터미널
1000002941,207000027,215000001,36,문화극장앞
1000002941,207000027,215000059,36,(구)동연파출소
1000002941,207000027,215000058,36,보영여중.고
1000002941,207000027,215000057,36,새마을금고앞
1000002941,207000027,215000056,36,미2사단정문
1000002941,207000027,215000055,36,북보산
1000002941,207000027,215000054,36,동보초등학교입구
1000002941,207000027,215000053,36,동두천역
1000002941,207000027,215000052,36,오렌지마트
1000002941,207000027,215000051,36,창말
1000002941,207000027,215000050,36,원각사
1000002941,207000027,215000049,36,지방산업단지앞
1000002941,207000027,215000048,36,성보주택
1000002941,207000027,215000047,36,소요산역앞
1000002941,207000027,215000217,36,소요산차고지
1000002942,207000028,207000061,37,다락원앞
1000001495,234000033,124000021,11-1,둔촌2동사무소.보훈병원
1000001495,234000033,124000023,11-1,강동성심병원.길동사거리
1000001495,234000033,124000025,11-1,강동전철역.강동성심병원
1000001495,234000033,124000027,11-1,천호동.현대백화점.이마트
1000001495,234000033,104000080,11-1,워커힐아파트.워커힐호텔.한강웨딩홀

